Product,Product Category,Product Group,Concentration_sq_Sum,TPSA_weighted_Sum,InactiveAidCount_weighted_Sum,HydrogenBondDonorCount_weighted_Sum,TautomerCount_weighted_Sum,BondChiralCount_weighted_Sum,ActiveAidCount_weighted_Sum,IsotopeAtomCount_weighted_Sum,HydrogenBondAcceptorCount_weighted_Sum,XLogP_weighted_Sum,BondChiralUndefCount_weighted_Sum,TotalAidCount_weighted_Sum,MolecularWeight_weighted_Sum,BondChiralDefCount_weighted_Sum,TotalFormalCharge_weighted_Sum,Complexity_weighted_Sum,AtomChiralDefCount_weighted_Sum,AtomChiralUndefCount_weighted_Sum,AtomChiralCount_weighted_Sum,RotatableBondCount_weighted_Sum,CovalentUnitCount_weighted_Sum,HeavyAtomCount_weighted_Sum,Final_Count,Initial_Count,Inclusion_Rate
BEER,,Alcoholic Beverages < 20% alc.,3312360.97,170885.272,668395.1185,7266.621419,3625.068875,23.182375,7667.133855,0,8560.322183,-3236.089817,11.664425,755933.9323,293055.0674,11.51795,0,140173.5418,82.295,270.2259005,352.5209005,5813.928397,3012.957974,19566.79864,346,625,0.5536
CIDER (APPLE WINE),,Alcoholic Beverages < 20% alc.,19913947,592244.3366,2796014.855,22074.43,10111.805,0.65,18569.575,0,30716.72,-9019.074495,0,3376595.485,950239.8044,0.65,0,555724.4547,0.8,4361.01,4361.81,16807.69501,10034.755,63273.27002,83,305,0.2721311475
SAKE,,Alcoholic Beverages < 20% alc.,1100674.101,155031.4331,646451.4745,4686.492,3143.5855,0,12477.0105,0,8233.774,-926.1917,0,820307.627,268823.4875,0,0,194206.644,0,923.285,923.285,4493.8035,2722.3005,18238.908,18,113,0.1592920354
SHERRY,,Alcoholic Beverages < 20% alc.,7618221.631,245580.3697,842747.2354,10655.16,5726.844211,0.72,8930.646565,0,12678.89511,-5455.762678,0.24,910655.9288,462437.7127,0.48,0,181524.6759,1190,798.225,1988.225,8613.76091,5016.654206,30878.42356,86,332,0.2590361446
BOTRYTISED WINE,WINE,Alcoholic Beverages < 20% alc.,458638243.4,1547416.492,5348946.457,72972.4,27421.75101,0.05,34009.956,0,77197.68401,-41262.47879,0,6085740.875,2429559.398,0.05,0,778855.2335,0,5530.295003,5530.295003,46938.78201,27100.121,159044.457,35,149,0.2348993289
PORT WINE,WINE,Alcoholic Beverages < 20% alc.,2461283.275,250872.6943,1308657.37,7994.550008,3553.071402,2.200003,2431.051011,0,13488.58182,-2632.494376,0,1453840.153,403917.0945,2.200003,0,325383.9021,3,3280.100009,3283.100009,8263.280628,3505.441388,27134.85991,109,190,0.5736842105
RED WINE,WINE,Alcoholic Beverages < 20% alc.,181648482.1,1559904.502,6299839.569,63618.21231,30090.19653,12.6600015,30412.16181,0,80359.5929,-30359.43813,0.065501,6823739.085,2505956.466,12.5945005,-33,1418231.198,0.2445015,9651.21201,9651.456511,51897.91435,23558.70622,166612.4578,202,387,0.5219638243
ROSE WINE,WINE,Alcoholic Beverages < 20% alc.,170254.2367,25110.61077,42939.57925,1012.620001,687.356054,0.08,373.1625075,0,1352.909606,-301.1865418,0,47044.04244,59251.18883,0.08,0,26773.33437,0,914.2,914.2,965.2775045,643.8760525,3974.740667,34,114,0.298245614
SPARKLING WINE,WINE,Alcoholic Beverages < 20% alc.,84515068.78,956960.3115,4137934.597,39114.543,16554.4675,120.28,16749.4755,0,49476.987,-15376.9506,120,4719261.278,1667980.68,0.28,0,898395.7283,61.5,5739.885501,5801.385501,38066.7655,15941.5375,111148.1055,94,146,0.6438356164
WHITE WINE,WINE,Alcoholic Beverages < 20% alc.,84371296.92,1332539.662,5470346.778,52528.08662,20231.38749,28.283753,20181.2994,0,68585.06273,-24827.77166,7.0087515,5898068.755,2061940.249,21.2750015,0,1275031.833,1031.8254,11895.91196,12927.73736,41441.08031,19013.4127,137090.348,236,688,0.3430232558
APPLE BRANDY (Calvados),,Alcoholic Beverages > 20% alc.,9154891.068,173071.235,1256630.991,5911.519746,8080.829614,18.069524,12492.76069,0,9976.613251,4122.091554,8.000017,1543036.11,560679.158,10.069507,0,200919.7527,0,1244.500036,1244.500036,10946.46748,7756.003329,37824.98801,191,393,0.4860050891
ARRACK,,Alcoholic Beverages > 20% alc.,1588032.84,65816.9,688634.2,1903.2,3072.6,0,5210,0,3976,2323.32,0,755266.6,232461.229,0,0,82734.74,0,48.8,48.8,5378.8,2972.6,15754.2,25,40,0.625
BLACKBERRY BRANDY,,Alcoholic Beverages > 20% alc.,105450.7256,8950.768,85309.28,336,448.36,0,1037.96,0,503.72,-56.106,0,95356.86,20468.93526,0,0,5539.468,0,0,0,290.76,429.36,1338,14,17,0.8235294118
GIN,,Alcoholic Beverages > 20% alc.,5801.12,1729.600079,17333.20028,78.8,91.600003,0,218.000002,0,87.600006,-36.9199891,0,19322.80032,3013.566517,0,0,313.8403365,0,0,0,6.000024,86.000003,191.200036,9,66,0.1363636364
MEZCAL (Agave salmiana),,Alcoholic Beverages > 20% alc.,960909.75,46832.5,265540,1793,2055.5,0,4534,0,2528.5,30,0,318849,111993.3885,0,0,31752.45,0,139,139,1393,1995.5,7424,10,28,0.3571428571
MULBERRY SPIRIT (Mouro),,Alcoholic Beverages > 20% alc.,5651442.813,105975.982,672225.21,1608.39,4418.49,0.6,9327.31,0,7125.38,2533.061,0,774829.6,346037.9174,0.6,0,168498.741,0,263,263,7731.11,4200.49,23494.12,27,28,0.9642857143
PEAR BRANDY,,Alcoholic Beverages > 20% alc.,58193645.92,285157.4506,2330142.701,9214.500008,13091.00003,237.100006,23845.30002,0,16751.70004,1086.520081,97.100004,2711586.302,731584.8319,140.000002,0,255981.4528,0,421.600002,421.600002,11636.00016,12843.20003,48539.70028,71,106,0.6698113208
TEQUILA (Agave tequilana),,Alcoholic Beverages > 20% alc.,629707.0836,26060.6575,215867.005,1102.81,1197.475,0.71,2231.565,0,1381.6,109.412,0.71,240279.94,65765.47936,0,0,21252.2205,0,91.34,91.34,1076.75,1167.115,4359.17,18,198,0.09090909091
OUZO,ANISE BRANDY,Alcoholic Beverages > 20% alc.,172705.5737,8865.97002,60417.16012,179.120001,714.880001,516.6,341.420001,0,733.920001,1724.634,368.6,68155.08014,87343.65574,148,0,65248.16201,0,0.2,0.2,1189.260001,714.320001,6401.020004,27,45,0.6
PASTIS,ANISE BRANDY,Alcoholic Beverages > 20% alc.,3688788.435,18948.12,88145.36,56.8,1982,1920,113.6,0,1987.2,6320.36,1920,91467.6,287140.1652,0,0,232783.24,0,0.16,0.16,3863.2,1982,21287.2,7,8,0.875
RAKI,ANISE BRANDY,Alcoholic Beverages > 20% alc.,2291371.064,38928.618,217590.04,1239.74,2669.14,1377.5,1290.64,0,2721.04,5145.122,1377.5,239087.42,287973.1723,0,0,186654.124,0,97.68,97.68,4173.64,2669.14,20758.7,12,13,0.9230769231
RUM Category I (total volatiles > 3600 ppm),RUM,Alcoholic Beverages > 20% alc.,16122342.19,146084.325,812165,2653,6202,0,10177,0,9665.5,3662.225,0,972514.5,481773.4715,0,0,203555.45,2.5,85,87.5,10282.75,6151.75,32620.75,19,19,1
RUM Category II (total volatiles 1100-3600 ppm),RUM,Alcoholic Beverages > 20% alc.,1756508.237,81008.14907,393928.1655,1627.365002,3947.435004,11.24,4924.980007,0,5467.400005,3195.910005,9.83,454278.5006,320462.7067,1.41,0,141805.1707,0,239.6700005,239.6700005,8302.735008,3446.935003,21850.36002,163,201,0.8109452736
RUM Category III (total volatiles 240-1100 ppm),RUM,Alcoholic Beverages > 20% alc.,143670.1602,19093.84474,91764.56116,605.385003,906.345009,0.1650015,1425.64001,0,1107.535017,718.3070275,0.060001,108006.4712,69612.88208,0.1050005,0,24994.91002,0,49.1050015,49.1050015,1499.485061,859.760008,4726.305101,50,50,1
BOURBON WHISKEY,WHISKY,Alcoholic Beverages > 20% alc.,2859605.924,97584.49304,339018.6743,3408.020001,5684.515052,6.6400005,8343.566309,0,5437.270003,3683.595074,3.3000005,423129.3309,346060.5977,3.34,0,136818.6471,8.38,969.2000005,977.5800005,7263.460009,4016.435052,23563.42183,101,136,0.7426470588
CANADIAN WHISKY,WHISKY,Alcoholic Beverages > 20% alc.,76050.52804,19690.73136,81109.24263,579.8760065,1597.141022,1.735001,3123.351086,0,1146.081009,486.7471091,1.205,105089.9333,61278.03611,0.530001,0,27541.38068,2.04,88.4,90.44,1112.630004,746.0860055,4170.928047,84,90,0.9333333333
FINNISH WHISKY,WHISKY,Alcoholic Beverages > 20% alc.,11339.22552,4715.608819,9649.621995,126.4,126.44386,0,675.090345,0,252.86886,16.7324375,0,19210.65504,8751.233459,0,0,4736.13266,0,0,0,80.900345,126.443735,588.361005,21,45,0.4666666667
IRISH WHISKEY,WHISKY,Alcoholic Beverages > 20% alc.,470201.4924,38105.08077,164427.9115,1420.136002,1753.291005,1.750001,2531.951024,0,2085.306004,1503.976602,1.25,197313.0817,138437.3278,0.500001,0,48674.25942,1.58,188.5,190.08,2915.575003,1672.241001,9407.373014,82,88,0.9318181818
JAPANESE WHISKY,WHISKY,Alcoholic Beverages > 20% alc.,186607.8227,23262.95141,131646.7191,785.6895085,1048.808297,2.440001,1558.109801,0,1312.861022,1124.812009,1.34,149803.9824,90057.8535,1.100001,0,35227.80405,0,5.45,5.45,2308.464576,1005.26729,6144.467281,79,109,0.7247706422
MALT WHISKY,WHISKY,Alcoholic Beverages > 20% alc.,1514057.471,69402.16288,293824.9289,2379.665501,4340.931206,15.1,5689.399809,0,3957.224206,3211.794432,14.35,342368.1224,270808.856,0.75,0,110891.4366,0,332.1150005,332.1150005,6632.537906,2959.854703,18499.14543,130,234,0.5555555556
SCOTCH BLENDED WHISKY,WHISKY,Alcoholic Beverages > 20% alc.,383100.1641,42351.21665,209449.6764,1434.519504,2525.573607,6.750001,4166.475925,0,2386.061309,1867.804548,4.6,247406.6645,159011.4624,2.150001,0,66243.56027,0,192.4500015,192.4500015,3820.52971,1765.162603,10866.56723,109,186,0.5860215054
BUCKWHEAT,,Bread & Cereals,0.184725,19.0755,70.665,0.22,2.1,0,1.155,0,1.085,2.6735,0,81.86,127.073755,0,0,62.212,0,0.03,0.03,5.17,1.025,8.95,16,219,0.07305936073
POPCORN,,Bread & Cereals,0.000676,0.7644,0,0,0.078,0,0,0,0.052,-0.0078,0,0,2.889692,0,0,3.354,0,0.026,0.026,0.026,0.026,0.208,1,72,0.01388888889
RYE BREAD,,Bread & Cereals,0.00484875,4.0482,23.714,0.02,0.2355,0,14.32,0,0.3165,0.1275,0,85.57,19.2770565,0,0,18.493,0,0.0025,0.0025,0.2165,0.1165,1.386,4,99,0.0404040404
WHEATEN BREAD,,Bread & Cereals,8520.27652,5254.3921,12349.448,117.227,193.408,0,710.162,0,292.9635,4.84,0,20991.8905,11366.47057,0,0,6177.462,0,0.075,0.075,80.7215,160.0065,778.6925,26,296,0.08783783784
BARLEY (unprocessed),BARLEY,Bread & Cereals,66096996.36,8492.6,1223.5,8151,8151,0,32533.3,0,8151,-5691.6,0,90861.5,139569.0719,0,0,148.61,0,0,0,11.4,8151,8204.7,7,7,1
CORN TORTILLAS,MAIZE (Zea mays L.),Bread & Cereals,0.04331409,14.8115002,11.496538,0.175501,1.864101,0.0266,0.2955,0,0.891301,0.7129926,0.0146,14.517541,61.96475921,0.012,0,42.371419,0,0.005501,0.005501,0.962905,0.544301,4.502709,27,31,0.8709677419
DENT CORN OIL,MAIZE (Zea mays L.),Bread & Cereals,32564000000,18535900,118948000,385000,1532000,29000,2765000,0,1099000,3252500,12000,155761000,138599918,17000,0,99978400,0,142000,142000,5873000,686000,9852000,81,90,0.9
SWEET CORN,MAIZE (Zea mays L.),Bread & Cereals,100608720.4,13044.86352,16637.17903,10157.494,10176.489,0.002,40689.614,0,10170.717,-7033.6095,0.001,263777.694,177514.4707,0.001,0,856.6324427,0,0.005,0.005,7.264,10169.982,10464.349,48,100,0.48
MALT,MALT,Bread & Cereals,1421569.085,3770.176771,4327.492519,1221.814,1330.041002,2.5975,4839.4655,0,1342.183502,-783.2857476,1.17,18171.74302,28419.37887,1.4275,0,4524.138636,0,0.47,0.47,70.646504,1278.248001,1744.85201,107,244,0.4385245902
WORT,MALT,Bread & Cereals,201.6877153,2231.0718,9332.212,66.179,99.545,12.49,304.4365,0,131.834,59.33475,4.21,11849.053,7085.24523,8.28,0,6089.73595,0,2.02,2.02,153.953,45.2965,505.7925,103,222,0.463963964
OATMEAL,OATS (Avena sativa L.),Bread & Cereals,27.07775,326.7885,1798.31,7.345,24.985,0.325,43.915,0,19.62,12.3315,0.045,2150.925,1078.76334,0.28,0,822.245,0,0.09,0.09,23.98,8.08,76.3,9,34,0.2647058824
OATMEAL (fresh extrusion product),OATS (Avena sativa L.),Bread & Cereals,77.52,560.53,3045.4,12.1,45.2,0.9,78,0,33.8,23.84,0.1,3621,1951.3103,0.8,0,1456.31,0,0.2,0.2,46.6,14.8,138.4,7,25,0.28
SCENTED RICE (cooked),RICE (Oryza sativa L.),Bread & Cereals,0.0289,4.998,0,0,0.51,0,0,0,0.34,-0.051,0,0,18.89414,0,0,21.93,0,0.17,0.17,0.17,0.17,1.36,1,155,0.006451612903
TRADITIONAL RICE (cooked),RICE (Oryza sativa L.),Bread & Cereals,0.000016,0.1176,0,0,0.012,0,0,0,0.008,-0.0012,0,0,0.444568,0,0,0.516,0,0.004,0.004,0.004,0.004,0.032,1,188,0.005319148936
COFFEE,,Coffee Tea Cocoa,10709653.24,245247.5714,619434.9362,7358.915327,16925.15778,9.235,65558.88846,0,14216.10283,905.3745715,8.75,1069416.298,536819.5282,0.485,0,317280.4585,5.76,157.515975,163.275975,2717.832504,7412.012779,37139.65515,268,834,0.3213429257
COCOA BUTTER,COCOA category,Coffee Tea Cocoa,13.84,95.74,1380.8,2.2,8.2,0,7.4,0,5.2,8.94,0,1493.4,597.7438,0,0,456.4,0,2.2,2.2,14.8,5.2,42.2,2,123,0.0162601626
COCOA LIQUOR,COCOA category,Coffee Tea Cocoa,329545570.5,2878526.676,10691476.45,84402.85,33576.67461,0.000001,282339.789,0,153113.2392,-29627.35581,0.000001,13861174.27,4112193.037,0,0,4083545.416,0,3351.1,3351.1,79125.40001,33545.67461,276693.6277,49,315,0.1555555556
COCOA POWDER,COCOA category,Coffee Tea Cocoa,246177560.7,2823420.516,10408087.22,86647.641,31921.55087,4.501,260145.9943,0,149486.4914,-33327.27396,2.4755,14177905.12,4099900.016,2.0255,0,4045705.809,0,10188.1964,10188.1964,81902.36613,31820.06132,275754.0969,134,314,0.4267515924
DARK CHOCOLATE,COCOA category,Coffee Tea Cocoa,19878557.3,812388.4743,3098344.006,24956.2935,8740.3575,0.521,76740.463,0,43013.634,-9730.1547,0.521,4151558.782,1178294.633,0,0,1197914.205,0,2735.202,2735.202,24727.9455,8596.1875,79340.519,53,118,0.4491525424
FERMENTED COCOA BEANS,COCOA category,Coffee Tea Cocoa,30827122.14,219447.3081,283429.3716,5850.2219,5978.59081,0.08188,33650.39329,0,11790.65634,-721.228341,0.08,759976.4313,369737.9025,0.00188,0,195116.2971,0,17.6516,17.6516,625.57311,5921.93248,24724.58396,60,105,0.5714285714
MILK CHOCOLATE,COCOA category,Coffee Tea Cocoa,42.25,111.15,208,0,13,0,6.5,0,6.5,6.5,0,247,559.858,0,0,254.8,0,0,0,13,6.5,39,1,83,0.01204819277
ROASTED COCOA BEANS,COCOA category,Coffee Tea Cocoa,122562851.7,1647184.82,5047623.204,49414.9659,22299.66477,4.641,144639.6438,0,87428.76199,-16012.31276,1.81,7428156.512,2407756.596,2.831,0,2162171.567,0,5865.7122,5865.7122,39328.8898,22190.40693,161684.9907,133,263,0.5057034221
BLACK TEA,TEA,Coffee Tea Cocoa,251342.7146,17147.91446,47135.60609,975.5550005,1167.863501,43.645,2731.845003,0,1175.934501,90.35799995,11.495,74928.55241,57197.88313,32.15,0,22475.74615,0.2,64.44,64.64,844.3625,1078.289501,3854.773002,63,588,0.1071428571
BLACK TEA (brewed),TEA,Coffee Tea Cocoa,253.1712495,1661.92885,10837.5265,53.0335,97.26,11.445,80.003,0,95.716,122.7344,2.7,12567.419,9032.210732,8.745,0,7961.96425,0,44.485,44.485,170.8705,66.345,643.18,70,96,0.7291666667
GREEN TEA,TEA,Coffee Tea Cocoa,118093.1268,15518.3581,48583.58,613.05,740.102,129.812,546.47,0,692.854,472.1741,24.63,60024.95,53957.02574,105.182,0,28666.0872,4.6,118.293,122.893,874.896,668.161,3752.028,100,272,0.3676470588
GREEN TEA (roasted),TEA,Coffee Tea Cocoa,1049.9,1481.9,5557,45.5,85.6,30.6,115,0,87.9,126.5,21.6,6164.8,8608.4946,9,0,6866.18,0,0.9,0.9,141.4,74.8,621.7,9,67,0.1343283582
MICROBIAL FERMENTED TEA,TEA,Coffee Tea Cocoa,14512,16864.10016,64341.001,358.000003,1106.000018,213.000001,1461.000063,0,1078.00001,1524.100012,95.000001,75111.00138,104606.7518,118,0,96658.1006,0,440,440,2305.000014,716.000007,7452.000057,102,241,0.4232365145
PARTIALLY FERMENTED TEA,TEA,Coffee Tea Cocoa,8612.088,4858.684,21407.95,177.9,294.58,18.86,336.45,0,263.08,335.904,17.84,27548.05,24519.95491,1.02,0,14118.015,0.44,111.83,112.27,490.51,235.36,1725.51,55,127,0.4330708661
BLUE CHEESES,,Dairy Products,345071728.4,1745814.908,17036247.99,48539.23,45757.78,16195.21,664147.31,0,92991.27,233309.235,1881.21,20497749.13,10381305.83,14314,0,7722572.595,0,3101.03,3101.03,528724.91,45012.99,729609.35,69,207,0.3333333333
CHEDDAR CHEESE,,Dairy Products,81622926.89,742359.6476,2749214.229,24060.99151,15548.04039,1216.897,51037.4655,0,39037.92501,6870.351503,560.8385,4787378.985,1599089.734,656.0585,0,1061358.197,1.9400005,8866.7985,8868.738501,37865.27151,15330.31538,108662.552,80,236,0.3389830508
SWISS CHEESES,,Dairy Products,20330637535,8717575.665,33078332.78,299047.325,156583.1574,1869,245812.283,0,455588.5698,-54353.66272,319,54101954.24,15137938.28,1550,0,10006926.24,0,142558.4355,142558.4355,244663.9406,156558.2794,1015419.624,48,166,0.2891566265
"CHEESES, OTHER","CHEESE, VARIOUS TYPES",Dairy Products,67220953.12,613331.3246,2032971.026,18269.645,16085.937,0,205792.1509,0,31370.12,8974.140909,0,3175571.293,1404701.343,0,0,809124.0394,0,1401.045,1401.045,31084.605,14935.207,96338.21213,36,243,0.1481481481
RUSSIAN CHEESES,"CHEESE, VARIOUS TYPES",Dairy Products,0.001069435,0.576885,4.5249,0.02575,0.0499,0,0.124,0,0.0499,0.040655,0,5.90395,4.202231,0,0,1.51851,0,0,0,0.0135,0.0499,0.3039,3,53,0.05660377358
BUTTER,MILK and MILK PRODUCTS,Dairy Products,2676888.009,135342.9684,570050.0256,3517.694502,3581.447652,916.2435,16686.78476,0,7347.565004,22522.9427,915.926,727977.9192,896625.9107,0.3175,0,677879.6253,0,13.148,13.148,46376.75811,3546.743652,63138.77237,134,286,0.4685314685
BUTTER (heated),MILK and MILK PRODUCTS,Dairy Products,95889.71604,21575.2644,50169.304,319.8,1527.885,302.86,3035.48,0,1221.346,2608.6208,182.47,79116.212,123874.8751,120.39,0,74328.9388,0,28.118,28.118,4862.86,977.787,8699.188,98,174,0.5632183908
BUTTERMILK,MILK and MILK PRODUCTS,Dairy Products,35430514.25,377370.7943,1301905.209,12816.5,6928.514,0,11149.506,0,19745.007,-4270.04145,0,2215121.244,593058.5685,0,0,379670.2169,0,5890,5890,5966.5125,6926.507,39512.5365,11,12,0.9166666667
CREAM,MILK and MILK PRODUCTS,Dairy Products,71572116.21,525579.8518,1835076.737,17944,9539.5365,0,13811.141,0,27482.658,-6022.12425,0,3109912.459,827172.7001,0,0,532935.8032,0,8410,8410,8594.3095,9534.658,55106.934,12,47,0.2553191489
MILK,MILK and MILK PRODUCTS,Dairy Products,18776.70263,17870.41636,105896.2231,500.6300005,449.8007005,117.2007,3766.917756,0,952.967401,1245.524906,30.00006,135660.5276,70589.79398,87.20064,0,50921.47396,0,60,60,2964.694491,444.8719005,4912.415495,49,207,0.2367149758
YOGURT,MILK and MILK PRODUCTS,Dairy Products,211728383.3,853495.4568,3171782.624,29517.43,15205.4151,0,16855.7253,0,44561.3212,-9955.04012,0,5322763.814,1349559.036,0,0,882182.3006,0,14570.75,14570.75,15144.3711,15047.9411,89965.5804,25,60,0.4166666667
ACEROLA (Malpighia),,Fruits,82.17082125,538.6505,2293.2785,19.96,26.2285,0.895,35.71,0,29.2555,39.0351,0.27,2668.6415,2597.110202,0.625,0,1424.37975,0.06,3.5165,3.5765,64.226,25.0585,182.252,117,203,0.5763546798
APRICOT (Prunus armeniaca L.),,Fruits,2362.366624,3638.8862,28506.7215,74.4555,182.3025,58.685,238.4495,0,208.4015,266.10855,2.035,30328.3015,17390.20072,56.65,0,11521.6071,3.375,45.9,49.275,487.924,155.2415,1222.847,114,216,0.5277777778
ARCTIC BRAMBLE (Rubus arcticus L.),,Fruits,357.67335,1835.8965,5507.41,37.545,174.86,4.77,196.9,0,116.295,42.8285,3.825,10568.4,6280.54272,0.945,0,5562.1045,0,32.215,32.215,75.39,62.63,437.575,58,80,0.725
AVOCADO (Persea americana Mill.),,Fruits,2.7225,61.545,848.1,1.65,1.65,0,18.15,0,3.3,3.135,0,1191.3,201.49965,0,0,171.6,0,0,0,1.65,1.65,14.85,1,94,0.01063829787
BANANA (Musa sapientum L.),,Fruits,15010.44703,8555.994,54016,49.365,428.705,53.635,536.5,0,609.425,466.017,5.735,67867.3,37200.7544,47.9,0,23298.379,0,10.25,10.25,991.175,355.765,2577.195,44,247,0.1781376518
BLACK CHOKE BERRY (Aronia melanocarpa Ell.),,Fruits,9.2208,183.1488634,673.725847,3.480021,6.600058,0.500004,16.960221,0,8.630051,5.2920544,0.310002,743.817387,560.099137,0.190002,0,517.0349338,0,2.940002,2.940002,6.53008,5.320027,41.430264,46,49,0.9387755102
CHERIMOYA (Annona cherimolia Mill.),,Fruits,3.43685,109.283,1265.99,4.16,5.12,0.255,7.67,0,6.08,9.2705,0.075,1352.375,576.519045,0.18,0,311.556,0,1.005,1.005,18.105,5.12,39.955,22,262,0.08396946565
CLOUDBERRY (Rubus chamaemorus L.),,Fruits,109083.785,13751.74063,175210.1546,372.150012,394.850032,13.900005,3812.400097,0,737.50004,690.6700387,7.700002,246102.657,45458.84735,6.200003,0,38394.01266,0,4.400006,4.400006,411.65006,373.700023,3342.200223,75,96,0.78125
"DALIEB, PALMYRA PALM FRUIT (Borassus aethiopum L.)",,Fruits,1508096,57277.1,242874,2066,2066,0,11411,0,2975,-59.3,0,1896690,114705.006,0,0,35279.1,0,4,4,485,2066,7593,10,29,0.3448275862
DATE (Phoenix dactylifera L.),,Fruits,2764.6925,7032.38,40837.85,209.1,538.55,31.2,1705.1,0,427.9,127.25,0,51952.6,18295.28075,31.2,0,19034.9,0,0,0,250,99.45,1305.8,4,156,0.02564102564
DURIAN (Durio zibethinus),,Fruits,0.477442,26.8706,34.56,0.69,2.122,0.001,0,0,1.484,-0.1393,0.001,34.71,67.269857,0,0,43.6569,0,0.711,0.711,0.903,0.742,4.583,4,139,0.02877697842
HOG PLUM (Spondias mombins L.),,Fruits,310453,28641.5,249371,927,1427,6,4149,0,1635,1426.1,0,901560,118541.819,6,0,64922.4,0,118,118,2152,1265,8296,41,46,0.8913043478
"KIWIFRUIT (Actinidia chinensis, syn. A. deliciosa)",,Fruits,171445418.2,2393283.948,9197608.474,82990.8307,19234.17071,9.289801,191567.934,0,125024.1523,-37263.44425,0.4,11254882.11,3628916.759,8.889801,0,4079069.436,14520,1110.053501,15630.0535,64859.84172,19232.68871,245452.6324,56,147,0.380952381
LITCHI (Litchi chinensis Sonn.),,Fruits,2.9058,102.1115,339.13,4.345,6.12,0.83,3.09,0,5.29,7.1615,0.6,363.11,502.109685,0.23,0,315.909,0,0.83,0.83,10.16,4.92,35.025,14,120,0.1166666667
LOGANBERRY (Rubus ursinus var. loganobaccus),,Fruits,1.722969,29.6685,263.92,0,3.481,0.019,20.125,0,1.735,0.2573,0,313.408,99.144531,0.019,0,33.5252,0,0,0,1.413,1.735,6.827,16,63,0.253968254
LOQUAT (Eriobotrya japonica Lindl.),,Fruits,10.025275,163.99,868.645,2.225,11.035,2.96,15.395,0,9.32,15.216,0.075,994.59,890.30252,2.885,0,501.7605,0,0.425,0.425,27.695,8.245,62.925,71,96,0.7395833333
MELON,,Fruits,12.03871281,401.21799,3308.2,12.896,55.6558,5.6869,323.322,0,21.4489,12.83997,0.2269,4259.189,1305.115799,5.46,-0.006,1161.27321,0,2.33,2.33,25.5094,9.5809,91.531,60,257,0.233463035
"MOUNTAIN PAPAYA (C. candamarcensis, C. pubescens)",,Fruits,1478.790125,2215.227,9295.255,12.19,90.645,0.515,180.535,0,160.635,116.34,0.14,10464.365,9420.29882,0.375,0,5350.0255,0.07,1.56,1.63,301.765,86.865,648.26,177,209,0.8468899522
MULBERRY (Morus species),,Fruits,13906490563,13571954.94,104459201.4,428264.3,137258.2,119.9,249499.6,0,716157.6,-185130.96,0,108538615.6,19217367.9,119.9,0,19043279.2,0,125857.6,125857.6,437546.9,136745.6,1291140.5,14,32,0.4375
NECTARINE,,Fruits,7.735375,80.7915,367.565,0.605,5.92,2.775,5.45,0,4.645,7.6075,0.115,411.975,471.51032,2.66,0,290.2935,0,0.26,0.26,15.205,4.565,33.435,18,142,0.1267605634
NONI (Morinda citrifolia L.),,Fruits,761.1574,1597.869,14633.74,35.01,46.76,0.22,70.46,0,92.21,154.473,0.19,15845.48,7256.43768,0.03,0,4617.336,0,0.2,0.2,317.49,46.4,504.49,30,30,1
PAPAYA (Carica papaya L.),,Fruits,388.4043346,1683.011915,9926.373923,37.3723555,47.447014,0.4665005,541.3674635,0,87.4939125,99.04452515,0.1451005,12275.73302,6087.463597,0.3214,0,4738.458158,0,11.770504,11.770504,150.3983175,47.032209,421.001768,150,290,0.5172413793
PAWPAW (Asimina triloba Dunal.),,Fruits,4683.055663,2938.867105,3043.704067,0.721,112.243006,1.327006,79.509002,0,222.824008,302.1400187,1.043002,3294.981083,16807.1152,0.284004,0,10601.72574,0,0.37,0.37,714.923036,111.467004,1167.181066,42,69,0.6086956522
PEACH (Prunus persica L.),,Fruits,14.47201988,263.4158802,3031.117731,5.789002,8.937012,0.6075025,42.79863,0,15.144508,17.8567745,0.0335,3725.663162,1075.357515,0.5740025,0,811.052334,0,2.069,2.069,21.4925185,8.559509,77.500087,31,143,0.2167832168
PINEAPPLE (Ananas comosus),,Fruits,332.7713308,1204.9172,1013.103615,18.89019,138.010295,0.1505,10.588155,0,81.13231,33.307156,0.0455,1489.156325,3848.514165,0.105,0,4337.29867,0.16716,21.37065,21.53781,52.39189,29.461215,268.046005,79,287,0.275261324
RAMBUTAN (Nephelium lappaceum L.),,Fruits,1.91318,86.8765,273.428,2.273,4.203,1.324,12.69,0,4.828,4.2865,0.024,345.458,336.68755,1.3,0,336.4816,0,0.285,0.285,4.909,2.346,24.701,15,138,0.1086956522
RED CURRANTS (Ribes rubrum L.),,Fruits,1.460667,31.095,112.8,1.477,1.609,1.324,0.856,0,1.553,2.3099,0.004,121.662,157.502754,1.32,0,74.2919,0,0.023,0.023,4.678,1.575,11.009,31,38,0.8157894737
SAPODILLA FRUIT (Achras sapota L.),,Fruits,0.000002280207,0.0695224,0.725181,0.000741,0.004717,0.00024,0.013363,0,0.004467,0.0093551,0,0.82707,0.506072377,0.00024,0,0.3314265,0,0.00016,0.00016,0.00846,0.004307,0.036979,43,53,0.8113207547
SPINELESS MONKEY ORANGE (Strychnos madagasc.),,Fruits,56141.39,19279.15,20150.1,30,745.5,40,552,0,1441,1788.21,25,22557.3,105911.3222,15,0,69668.18,0,61.2,61.2,4095.8,725.5,7356,47,50,0.94
STARFRUIT (Averrhoa carambola L.),,Fruits,5.1075,200.55,426.15,1.8,8.95,2.75,7.1,0,13.55,12.7,0.7,470.1,918.0563,2.05,0,697.285,0,0.75,0.75,22.35,7.45,65.5,13,326,0.03987730061
TAMARIND (Tamarindus indica L.),,Fruits,4185.975875,2643.9135,15364.565,8.315,129.935,2.88,357.42,0,174.495,68.2995,0.12,16591.67,9560.90215,2.76,0,6622.302,0,0.715,0.715,124.73,98.115,691.08,47,150,0.3133333333
WOOD APPLE (Feronia limonia),,Fruits,786.1506,2048.659,5977.91,28.39,92.92,1.99,212.6,0,131.01,65.113,0.29,7348.69,7149.24335,1.7,0,4123.73,0.85,8.29,9.14,192.36,71.96,491.58,22,25,0.88
APPLE FRESH (Elstar),APPLE FRESH (Malus species),Fruits,80.00886179,455.39942,2860.8475,7.6083,18.3641,0.0963,62.8558,0,30.0932,29.62047,0.0041,3182.8134,1983.636632,0.0922,0,998.0466,0,0.2505,0.2505,69.3044,18.2659,136.3037,18,35,0.5142857143
APPLE FRESH (generic),APPLE FRESH (Malus species),Fruits,57352.45112,3893.180141,16828.93131,377.990004,367.3450245,2.205001,1185.206933,0,433.1850385,6.710939,1.55,26429.94979,18079.66576,0.655001,0,5900.899392,0,45.744805,45.744805,485.711553,365.279021,1199.828955,81,333,0.2432432432
APPLE PROCESSED (juice),APPLE PROCESSED (Malus species),Fruits,4398.430191,8114.359393,24627.73649,254.8383085,346.3353985,15.1106515,551.7421955,0,467.435022,325.8459835,11.9057505,32608.59301,29218.80042,3.204901,0,17312.68698,0,82.5468095,82.5468095,976.9576285,227.2750835,2014.290622,122,210,0.580952381
BLACK CURRANTS - BERRIES,BLACK CURRANTS (Ribes nigrum L.),Fruits,11790.13477,13121.28024,115366.8595,476.771501,1679.923501,154.7155,9000.299001,0,687.685502,278.2314508,0.1855,150574.2325,33859.42632,154.53,0,36844.23156,0.08,10.171,10.251,377.025001,210.503501,2448.310506,63,156,0.4038461538
CASHEW APPLE (fresh),CASHEW APPLE (Anacardium occidentale),Fruits,0.36210225,18.93715,26.5185,0.0421,0.7222,0.019,0.3024,0,1.4262,2.09347,0.0154,30.7474,130.9676015,0.0036,0,106.84226,0.0004,0.0004,0.0008,3.9819,0.7177,9.5173,46,142,0.323943662
SOUR CHERRY (Prunus cerasus L.),CHERRY,Fruits,28935.1802,10123.04774,64270.44675,402.364009,559.097205,27.148401,2837.303025,0,526.4592115,104.52709,16.525,348418.488,23538.01249,10.623401,0,16894.30101,0.000002,47.800502,47.800504,151.6895045,273.5177035,1633.914535,39,110,0.3545454545
SWEET CHERRY (Prunus avium L.),CHERRY,Fruits,543.1185109,3704.011621,6074.058019,136.260509,201.662056,24.1066,648.207531,0,198.619061,23.328559,15,8692.101897,8371.664599,9.1066,0,9606.596817,0.000002,42.250002,42.250004,87.684253,47.608553,595.531529,15,63,0.2380952381
CHINESE QUINCE FLESH,CHINESE QUINCE (Pseudocydonia sinensis Schneid),Fruits,3.6964,125.8160342,884.820108,4.73,5.640007,1.84,7.75,0,6.680002,5.9870043,0.04,983.160112,489.7589844,1.8,0,224.2572954,0,0.360001,0.360001,12.590003,5.220002,33.780019,36,39,0.9230769231
CHINESE QUINCE PEEL,CHINESE QUINCE (Pseudocydonia sinensis Schneid),Fruits,3.1871,213.2510355,702.02,1.91,9.000002,1.06,66.79,0,14.650003,19.4000054,0.74,951.28,1349.414849,0.32,0,1011.102361,0.060002,0.1,0.160002,55.820005,7.690002,95.060024,52,77,0.6753246753
BERGAMOT OIL (Citrus aurantium bergamia),CITRUS FRUITS,Fruits,228834300000,9363690.001,141944500,96000.00004,783400.0001,13500.00001,1765400,0,660600.0001,2568670,6200.000009,149914400,125396948.8,7300.000005,0,147507280,0.000017,773500,773500.0001,2479300,783400.0001,9059200.001,66,114,0.5789473684
MANDARIN OIL (Citrus reticulata),CITRUS FRUITS,Fruits,15635566096350,2596528.8,777420486,85331.50001,4920168.5,11175.00001,9504254.5,0,154596.5,16443053.85,2000.000005,788756954,665046985.1,9175.000003,0,790490194,66153.50001,4738930,4805083.5,5134343,4857693.5,48784546.5,112,234,0.4786324786
MICROCITRUS SPECIES OIL,CITRUS FRUITS,Fruits,109698875000,7481375,102020250,164000,905250,66500,1354000,0,667250,2178575,11500,110985000,172521297.3,55000,0,198220450,604000,571250,1175250,1088500,972000,11491750,44,110,0.4
ELDERBERRY FRUIT,ELDERBERRY (Sambucus nigra L.),Fruits,8911.52,4518.44,7275.5,12.4,185.6,346.7,44,0,334.2,1121.38,196.7,7623.2,49772.9841,150,0,47666.42,0,0,0,2442.4,177.4,3561.5,11,37,0.2972972973
ELDERBERRY JUICE,ELDERBERRY (Sambucus nigra L.),Fruits,30.41,517.22,2216.2,5.1,25.1,15,29.1,0,35.1,104.14,12,2493.4,4717.5084,3,0,3882.7,0,1,1,206.2,22.1,337.9,19,114,0.1666666667
OTHER VITIS SPECIES,GRAPE (Vitis species),Fruits,673.287105,838.3612,6482.182,5.153,35.753,0.251,88.635,0,60.542,22.5687,0.063,15718.81,2853.765761,0.188,0,1517.9097,0,0.479,0.479,58.881,34.351,194.516,38,149,0.255033557
VITIS LABRUSCA L.,GRAPE (Vitis species),Fruits,22.56143594,571.29304,3693.0915,13.345,23.5658,15.46,209.0555,0,32.4466,63.24217,4.4,4286.523,3185.768362,11.06,0,2785.67952,0.43,1.2513,1.6813,135.5902,15.4358,226.4497,53,185,0.2864864865
VITIS VINIFERA L.,GRAPE (Vitis species),Fruits,72.25884197,1052.859462,6911.540514,17.279701,47.103251,7.88495,57.833011,0,69.495002,105.6648169,6.58995,8459.553722,6221.822172,1.295,0,4758.791304,0,4.35655,4.35655,200.492751,42.008251,440.762509,89,356,0.25
MANGO (canned juice) (Mangifera indica L.),MANGIFERA SPECIES,Fruits,5.718096,45.7125,662.113,0.915,5.284,0.185,9.09,0,2.85,13.1867,0.035,687.154,655.119371,0.15,0,697.795,0,3.705,3.705,9.115,4.874,47.525,40,88,0.4545454545
MANGO (fresh pulp) (Mangifera indica L.),MANGIFERA SPECIES,Fruits,4732.910662,2624.799647,11119.42164,55.0690035,238.964376,49.5565015,512.827183,0,161.5984665,604.415412,30.0995005,15381.86956,30622.13287,19.457001,0,33297.08083,25.636,208.4160015,234.0520015,513.462351,200.7865685,2200.411952,210,441,0.4761904762
BLACK OLIVE,OLIVE (Olea europaea),Fruits,62.99303223,280.51859,1704.2311,11.516,12.2853,0.015,57.75545,0,14.5776,1.76346,0,14128.95005,697.3790946,0.015,0,161.27858,0,0.018,0.018,5.2794,12.1433,46.2846,20,25,0.8
OLIVE OIL,OLIVE (Olea europaea),Fruits,17979010.69,3614.018507,16179.21462,120.75845,4664.475452,17011.9265,595.2871,0,196.226401,49301.45362,16962.155,21696.50693,1754752.251,49.7715005,0,2460108.147,0,0.56,0.56,63895.97516,4347.935451,128148.172,129,363,0.3553719008
"BARTLETT PEAR (Williams pear, Bon Chretien)",PEAR (Pyrus communis L.),Fruits,0.059905,19.0972119,108.462187,0.116003,0.959006,0.272,1.645013,0,1.380018,1.7259089,0.108,117.501284,103.3848906,0.164,0,72.407068,0,0.08,0.08,3.47302,0.781002,7.163045,22,85,0.2588235294
"PEAR, OTHER TYPES",PEAR (Pyrus communis L.),Fruits,119.779767,622.1395,3601.806,1.63,47.015,0.228,150.491,0,42.4,34.3663,0.188,4048.166,2755.093662,0.04,0,1478.9569,0,0.56,0.56,83.951,28.695,190.355,31,61,0.5081967213
JAPANESE PLUM (Prunus salicina Lindl cultivars),PLUM (Prunus species),Fruits,0.00329817,4.222325,28.04035,0.052,0.29265,0.06525,0.46,0,0.2687,0.52362,0.0373,30.2504,28.4879243,0.02795,0,19.069,0,0.0284,0.0284,1.0148,0.2117,2.0156,29,75,0.3866666667
PLUM (fresh) (Prunus domestica cultivars),PLUM (Prunus species),Fruits,19.058232,386.758,4048.38,12.27,69.25,4,424.33,0,21.52,14.28,0,5243.71,1209.1535,4,0,1253.105,2.36,0.4,2.76,23.63,6.76,86.41,11,233,0.04721030043
PLUM JUICE (Prunus domestica cultivars),PLUM (Prunus species),Fruits,38.78,345.6100526,4366.90022,11.1,16.000002,2.5,33.600005,0,19.400004,23.520006,0.1,4747.600228,1592.981136,2.4,0,777.880247,0,0.7,0.7,47.200012,15.200002,111.300024,16,19,0.8421052632
PLUMCOT (Prunus armenica x Prunus salicina),PLUM (Prunus species),Fruits,0.16906925,32.7041,207.8105,0.4095,2.44,0.458,3.2995,0,2.021,3.1912,0.0955,243.0415,193.092097,0.3625,0,148.79545,0,0.194,0.194,5.0935,1.5155,13.844,55,91,0.6043956044
PRUNE (dried plum),PLUM (Prunus species),Fruits,56644,11995.2,41412,238,238,0,0,0,714,-142.8,0,44268,30014.18,0,0,24514,0,0,0,476,238,2142,1,52,0.01923076923
PRUNUS MUME SIEB. et ZUCC. (salted and pickled),PLUM (Prunus species),Fruits,7879.8652,3740.647,32946.22,63,184.03,2.16,1030.84,0,213.75,385.111,1.61,42596.72,21615.04803,0.55,0,14840.761,0.12,0.75,0.87,576.3,158.64,1571.84,75,92,0.8152173913
PRUNUS SIMONII,PLUM (Prunus species),Fruits,5.47625611,98.44543,489.04,0.449,4.0957,0.1643,10.5531,0,7.1857,8.80194,0.0829,521.9463,521.7636443,0.0814,0,309.99044,0,0.0426,0.0426,20.6792,3.9217,36.1651,29,36,0.8055555556
RASPBERRY (Rubus idaeus L.),"RASPBERRY, BLACKBERRY and BOYSENBERRY",Fruits,5863.213802,4609.922261,25512.47398,145.3592175,291.2420405,8.5825045,1014.30696,0,254.883746,67.7183066,0.910002,140854.0723,13911.43889,7.6725025,0,7856.854955,6.495,16.64101,23.13601,184.7461875,188.078929,951.73796,127,213,0.5962441315
STRAWBERRY FRUIT,STRAWBERRY (Fragaria species),Fruits,3631.408114,5930.726391,24172.6255,130.711508,321.817017,16.123003,799.756522,0,352.2565215,175.0242206,5.195001,70296.81032,18292.68892,10.928002,0,13682.30815,12.0985,33.5715055,45.6700055,309.9070355,189.895513,1270.913116,147,309,0.4757281553
STRAWBERRY JAM,STRAWBERRY (Fragaria species),Fruits,2628489.043,114347.835,840529.9,2753.75,5683.55,696.4,14086.2,0,6727.55,6191.145,29.9,909499.15,451171.9281,666.5,0,428930.7,0,2427.35,2427.35,10060.9,3460.95,31614.85,16,98,0.1632653061
AMERICAN CRANBERRY (Vaccinium macrocarpon Ait.),VACCINIUM SPECIES,Fruits,12.11022265,321.1694613,3203.896907,8.405006,13.086532,0.420001,64.8750415,0,18.0580115,18.82441625,0.14,5294.147325,1313.380665,0.280001,0,941.2203071,0,1.2950015,1.2950015,22.775515,11.43651,94.549079,75,133,0.5639097744
BILBERRY (Vaccinium myrtillus L.),VACCINIUM SPECIES,Fruits,0.1833836895,46.19580815,202.5691965,1.036709,2.299068,0.315204,6.411928,0,2.666618,4.48860625,0.046502,264.4964385,253.2833471,0.268702,0,188.3976715,0.012,0.469255,0.481255,6.790628,1.9313625,18.024961,119,150,0.7933333333
BOG BLUEBERRY (Vaccinium uliginosum L.),VACCINIUM SPECIES,Fruits,1.233381288,50.8942951,113.3938475,1.5425105,1.7475255,0.1100015,9.2226215,0,2.7075165,0.5175289,0.000001,229.194419,112.8428985,0.1100005,0,59.60170495,0,0.020002,0.020002,0.935039,1.5725135,7.657621,27,28,0.9642857143
EUROPEAN CRANBERRY (Vaccinium oxycoccus L.),VACCINIUM SPECIES,Fruits,34.5851,375.5695417,3360.152979,13.180012,14.53006,0.250001,62.790049,0,19.750033,13.104039,0.000001,4495.153579,1355.690578,0.25,0,815.9165543,0,2.970005,2.970005,16.660043,13.270022,96.880215,57,67,0.8507462687
HIGH-BUSH BLUEBERRY (Vaccinium corymbosum L.),VACCINIUM SPECIES,Fruits,0.691675085,59.27220725,316.129927,1.939012,2.504033,0.790005,8.0680665,0,3.1490255,2.7537487,0.2900035,413.0876935,221.8162564,0.5000015,0,146.4835081,0,0.183005,0.183005,4.865061,2.18902,15.5551945,42,54,0.7777777778
"LINGONBERRY, COWBERRY (Vaccinium vitis idaea L.)",VACCINIUM SPECIES,Fruits,9.384593,168.0627,2146.466,4.612,6.079,0.112,8.631,0,9.295,7.151,0.006,2441.411,596.814894,0.106,0,399.4325,0,3.285,3.285,10.246,5.643,41.952,42,100,0.42
TRUFFLE,,Fungi,554052.42,22817.24,138937.1,1049.2,1057.2,0,4262.4,0,1057.2,282.22,0,1282399.5,62465.395,0,0,10340.49,0,2.5,2.5,647.5,1057.2,4162.1,10,50,0.2
AGARICUS (= Psalliota) varieties,MUSHROOM,Fungi,3001.9721,1431.041058,3888.660033,57.910002,83.180005,4.750002,56.09,0,73.200003,179.5050051,4.75,4308.430036,9191.689209,0.000002,0,5126.196243,0,54.900001,54.900001,333.44001,73.150003,649.820024,13,63,0.2063492063
BOLETUS EDULIS (dried),MUSHROOM,Fungi,458680.2503,44669.364,101030.25,1624.11,1082.64,0,4235.6,0,1914.03,-425.482,0,174779.88,86960.06627,0,0,22123.865,0,0.7,0.7,2253.45,1080.13,5911.14,35,90,0.3888888889
"MUSHROOM, OTHER VARIETIES",MUSHROOM,Fungi,697.4362653,1604.798826,2913.030025,10.3575,124.079501,15.911,59.5475,0,107.020502,212.4211574,14.555,3570.89753,10520.6593,1.356,-0.03,7096.090428,0,9.8,9.8,411.358514,74.165501,738.126018,33,302,0.1092715232
SHIITAKE (Lentinus edodes Sing.),MUSHROOM,Fungi,15777.26,7768.84,11721.4,125.1,240,7.5,90.2,0,336.5,469.43,7.5,12587.2,26388.3204,0,0,10283.86,0,113,113,816.7,214,1595.4,8,81,0.0987654321
GUINEA HEN,,Meat & Poultry,31.177707,189.9159,698.487,0.901,22.846,2.298,26.534,0,10.951,28.6676,0.829,855.402,1357.573239,1.469,0,681.4353,0,0.435,0.435,57.652,11.355,95.394,91,96,0.9479166667
"BEEF (boiled, cooked)",BEEF,Meat & Poultry,8.47209981,117.55439,693.0894,1.043,11.8469,0.533,9.545,0,6.7243,13.83,0.265,775.8072,725.3356771,0.268,0,333.00997,0,0.25,0.25,28.4155,6.5999,50.8399,32,488,0.06557377049
"BEEF (grilled, roasted)",BEEF,Meat & Poultry,0.484777765,61.862445,107.9365,0.37,5.8786,0.56,1.632,0,3.4879,2.704985,0.06,117.3894,256.0653717,0.5,0,188.2052,0,0.122,0.122,3.0672,2.4059,18.00275,42,340,0.1235294118
CHICKEN (cooked),CHICKEN,Meat & Poultry,7328.471173,4105.490322,19107.72618,107.2592,154.704602,12.8331,1066.97365,0,220.692302,674.7200953,2.2317,28647.26439,28057.3319,10.6014,0,19074.65105,0,1.9539,1.9539,1448.687353,125.197201,1974.475756,75,189,0.3968253968
CHICKEN (fried),CHICKEN,Meat & Poultry,0.0404,0.22,0,0.22,0.22,0,0.8,0,0.22,-0.13,0,2.2,4.36834,0,0,0.04,0,0,0,0,0.22,0.24,2,152,0.01315789474
CHICKEN (roasted),CHICKEN,Meat & Poultry,405.2537423,541.6414233,481.502466,1.115015,61.710628,3.406012,13.255519,0,31.549575,196.9027073,2.646004,593.38236,6938.995582,0.760008,0,4169.882026,0.000001,0.571004,0.571005,387.396138,31.49656,490.636988,177,186,0.9516129032
CHICKEN FAT,CHICKEN,Meat & Poultry,24.873,277.666,1773.96,0,31.84,3.46,73.15,0,16.25,19.97,0,2070.68,1447.5145,3.46,0,816.748,0,0,0,50.2,14.16,101.71,15,206,0.07281553398
LAMB (roasted),LAMB and MUTTON,Meat & Poultry,9.2515,281.522,2347.76,7.44,7.49,0.13,30.21,0,15.08,20.46,0.08,2535.99,1053.01357,0.05,0,687.723,0,1.54,1.54,40.09,7.49,72.86,26,28,0.9285714286
LAMB and MUTTON FAT (heated),LAMB and MUTTON,Meat & Poultry,3036.138488,3061.498564,4916.190375,28.8950015,781.8950125,4.0100005,102.9800015,0,174.6900035,226.6095247,1.9100005,5519.060395,14397.30788,2.1,0,11418.98846,0.300001,20.5400005,20.8400015,544.595041,95.9450045,1010.50506,47,109,0.4311926606
MUTTON (boiled),LAMB and MUTTON,Meat & Poultry,78.5573,820.973,6179.98,22.01,22.01,0.66,83.21,0,44.02,63.343,0.66,6733.37,3147.37615,0,0,1997.803,0,2.07,2.07,126.89,22.01,218.29,18,133,0.1353383459
MUTTON (cooked),LAMB and MUTTON,Meat & Poultry,41.2731,409.927,3920.57,10.99,10.99,0.14,42.05,0,21.98,38.507,0.14,4171.62,1751.80041,0,0,1125.328,0,1.02,1.02,76.18,10.99,121.82,22,24,0.9166666667
MUTTON (raw),LAMB and MUTTON,Meat & Poultry,45.7931,814.259,4747.77,21.83,21.83,0.69,68.96,0,43.66,49.654,0.69,5178.77,2829.74397,0,0,1832.394,0,6.98,6.98,98.1,21.83,195.7,20,21,0.9523809524
"PORK, CURED (boiled, cooked)",PORK,Meat & Poultry,9135.52838,3882.654976,1511.813062,0,144.3869015,0,2.7352025,0,173.1781015,893.0152305,0,1720.371472,31711.55605,0,0,23312.62724,0,0,0,1668.57211,144.2129015,2263.715018,18,166,0.1084337349
"PORK, CURED (fried)",PORK,Meat & Poultry,2157,4123.000048,961.000222,0,109.000002,0,2.000003,0,207.000002,381.9000044,0,981.000234,16651.71024,0,0,11257.0002,0,0,0,679.000006,109.000002,1168.000018,11,147,0.07482993197
"PORK, CURED (raw)",PORK,Meat & Poultry,43.43587625,141.465562,264.993673,1.100001,14.989001,0,6.742502,0,8.270501,12.0491006,0,386.838185,750.6366826,0,0,288.3377111,0,0,0,27.372002,8.318501,52.227505,10,118,0.08474576271
"PORK, CURED (smoked)",PORK,Meat & Poultry,51.7243,325.4985,852.095,9.22,21.91,0,38.325,0,24.27,11.14,0,1138.33,1329.062945,0,0,882.69,0,0,0,15.05,9.22,95.315,6,48,0.125
"PORK, UNCURED (boiled, cooked)",PORK,Meat & Poultry,0.0001058098905,0.4177993,2.6153455,0.008755,0.028816,0,0.05183,0,0.022727,0.0473049,0,2.904419,2.546026318,0,0,1.37376145,0,0.007705,0.007705,0.08328,0.021696,0.1811225,17,108,0.1574074074
"PORK, UNCURED (fried and seasoned)",PORK,Meat & Poultry,479.6075,1497.69,1034.6,0,85.6,0,1.2,0,116.1,50.75,0,1176.9,6797.56635,0,0,4448.5,0,0,0,30.2,58.05,501.6,14,16,0.875
"PORK, UNCURED (grilled, roasted)",PORK,Meat & Poultry,0.001294365243,2.517552,4.3094605,0.005175,0.1365245,0,0.0581555,0,0.186674,0.121047,0,4.7654975,12.25159572,0,0,7.88906895,0,0.0039305,0.0039305,0.1097525,0.1039185,0.896613,54,66,0.8181818182
"PORK, UNCURED (raw)",PORK,Meat & Poultry,0.00207325,0.9875,16.934,0.0625,0.0625,0,0.321,0,0,0.15075,0,18.155,7.868764,0,0,7.1315,0,0,0,0,0.0625,0.6015,2,25,0.08
"PORK, UNCURED (smoked)",PORK,Meat & Poultry,10337.6496,9233.188,55567.5,230.84,927.38,1,537.28,0,654.14,267.69,1,60079.1,35565.21724,0,0,29242.154,0,10,10,392.6,240.84,2554.18,15,26,0.5769230769
TURKEY (roasted),TURKEY,Meat & Poultry,1.991525,30.6795,66.81,0,4.94,0,1.495,0,1.795,2.8495,0,91.275,169.73454,0,0,80.1355,0,0,0,6.635,1.645,11.87,3,80,0.0375
HOP OIL,,Miscellaneous,3297616224,6453994.58,12335995.51,96953.585,389625.985,115715,159424.33,0,441529.945,966137.4645,102810.5,13286596.24,51201512.67,12904.5,-3655,46964154.61,16167.5,179932.295,196099.795,1474994.29,319547.485,3597394.26,137,429,0.3193473193
POTATO CHIPS (American),,Miscellaneous,194.3848,926.159,1155.65,0.38,66.93,7.285,136.21,0,67.63,44.412,0.195,1484.145,4545.45995,7.09,0,2993.849,0,0.08,0.08,49.905,39.44,333.445,62,137,0.4525547445
ANNATTO oil-soluble extract,ANNATTO (Bixa orellana L.),Miscellaneous,61607.83418,2268.3635,57063.87,45.87,501.365,70,1174.59,0,125.96,1119.617,9.45,64122.94,45555.91979,60.55,0,29421.737,0,9.665,9.665,194.235,410.535,3370.525,25,39,0.641025641
ANNATTO water-soluble extract,ANNATTO (Bixa orellana L.),Miscellaneous,1427.963791,385.39765,2906.17,6.1705,94.0085,73.733,42.835,0,22.431,191.75825,0.133,3318.245,10154.47122,73.6,0,13066.2307,0,6.1305,6.1305,41.151,58.854,739.763,20,32,0.625
EGG (boiled),EGG,Miscellaneous,64.00695651,10.712035,21.70275,8.10065,8.26082,0.00035,33.19425,0,8.0707,-5.03253,0,114.90603,162.4111147,0.00035,0,16.73568,0,0.0004,0.0004,0.38824,8.22477,9.9161,57,168,0.3392857143
EGG (raw),EGG,Miscellaneous,2820.102536,3397.576076,11942.20017,121.906,64.256002,0,101.850003,0,184.006003,-44.3869973,0,19606.55019,5440.153498,0,0,3563.342009,0,53.2,53.2,67.250001,64.256002,362.112007,7,8,0.875
EGG (scrambled),EGG,Miscellaneous,72.269666,11.9012,15.3,8.507,8.934,0,35.933,0,8.705,-5.6069,0,112.345,167.307831,0,0,9.6357,0,0.001,0.001,0.49,8.736,9.994,12,39,0.3076923077
ASSA-PEIXE HONEY (Vernonia ferruginea Less.),HONEY,Miscellaneous,10.24,161.28,556.8,3.2,3.2,0,0,0,9.6,-1.92,0,595.2,403.552,0,0,329.6,0,0,0,6.4,3.2,28.8,1,13,0.07692307692
DANDELION HONEY (Taraxacum officinale Web.),HONEY,Miscellaneous,892.78917,3230.6493,21473.577,101.95,174.906,9.55,810.583,0,175.053,57.7444,0,57291.25,9007.758764,9.55,0,7431.6319,0,1.5,1.5,108.047,76.686,646.099,29,41,0.7073170732
YELLOW BOX HONEY (Eucalyptus melliodora),HONEY,Miscellaneous,279.4975,1575.215,3100.65,55.65,66.9,0,188.45,0,86.75,29.74,0,4366.1,5321.56715,0,0,3156.6,23.5,21,44.5,110.05,44.35,371.15,26,56,0.4642857143
MASTIC (Pistacia lentiscus L.) AERIAL PARTS OIL,MASTIC (Pistacia lentiscus),Miscellaneous,104877137756,9278365,48057198,292950,1158508,168400,950760,0,550800,3312637.2,5800,56669458,169435836.6,162600,0,199274374,579872,959836,1539708,1411958,1079408,12212130,74,151,0.4900662252
MASTIC (Pistacia lentiscus L.) FRUIT OIL,MASTIC (Pistacia lentiscus),Miscellaneous,36012820000,8939425,50082050,130800,1622850,76200,845700,0,582550,2632465,26000,55898850,123150219.5,50200,0,130324040,91400,575200,666600,2648700,717100,8857100,78,137,0.5693430657
MASTIC (Pistacia lentiscus L.) GALL OIL,MASTIC (Pistacia lentiscus),Miscellaneous,7907000000,2860000,6232000,71000,432000,141000,79000,0,159000,799000,2000,7337000,42844555,139000,0,51259700,254000,76000,330000,386000,237000,3124000,28,55,0.5090909091
MASTIC (Pistacia lentiscus L.) GUM OIL,MASTIC (Pistacia lentiscus),Miscellaneous,9641034025,5636204.5,45833315,126840,814935,10500,850345,0,345950,1271036.5,6000,51943200,67001028.08,4500,0,77560410,76600,415675,492275,997490,410665,4852910,61,98,0.6224489796
MASTIC (Pistacia lentiscus L.) LEAF OIL,MASTIC (Pistacia lentiscus),Miscellaneous,224626222500,18930200,109517050,369500,1966550,651450,3744650,0,1249600,6493515,126200,126066800,313273119.5,525250,0,350999440,611600,1592250,2203850,6239850,1764900,22575850,118,214,0.5514018692
MASTIC (Pistacia lentiscus var. chia) GUM OIL,MASTIC (Pistacia lentiscus),Miscellaneous,254000000,145800,5518000,5000,28000,2000,40000,0,9000,76000,0,5793000,3425621,2000,0,3836200,0,22000,22000,41000,24000,250000,6,11,0.5454545455
MASTIC (Pistacia lentiscus var. chia) LEAF OIL,MASTIC (Pistacia lentiscus),Miscellaneous,42127000000,3737300,22300000,65000,419000,409000,793000,0,251000,1499000,4000,25394000,78744447,405000,0,95805800,410000,133000,543000,1000000,389000,5649000,32,66,0.4848484848
MASTIC (Pistacia lentiscus var. chia) TWIG OIL,MASTIC (Pistacia lentiscus),Miscellaneous,48094000000,2067700,13986000,58000,346000,434000,576000,0,149000,1307900,0,15852000,69913051,434000,0,88598100,396000,117000,513000,616000,342000,5014000,19,48,0.3958333333
PISTACHIO (Pistacia vera) FRUIT OIL,PISTACHIO OIL (Pistacia vera),Miscellaneous,98858000000,370800,17185000,11000,390000,1000,219000,0,22000,1110800,0,18959000,53539520,1000,0,69469000,24000,114000,138000,50000,390000,3924000,10,21,0.4761904762
PISTACHIO (Pistacia vera) GUM OIL,PISTACHIO OIL (Pistacia vera),Miscellaneous,1563050000,1767090,5200600,67200,145200,0,37100,0,95600,319860,0,5415500,19821224.3,0,0,27085840,70500,210900,281400,67000,120700,1440800,36,53,0.679245283
PISTACHIO (Pistacia vera) HULL OIL,PISTACHIO OIL (Pistacia vera),Miscellaneous,148068277500,2091210,21748400,51050,572900,9900,372900,0,129000,1628050,9400,24939950,79903801.8,500,0,100685150,32400,258350,290750,350000,556350,5828600,21,37,0.5675675676
PISTACHIO (Pistacia vera) LEAF OIL,PISTACHIO OIL (Pistacia vera),Miscellaneous,50201500000,4988150,45568500,113500,674000,59000,563000,0,309500,1945400,55000,49514000,95500298.5,4000,0,120395700,130000,720000,850000,739000,612000,6932500,29,49,0.5918367347
"Pistacia atlantica, BUD OIL",Pistacia atlantica,Miscellaneous,84311000000,1416600,4210500,63000,494000,225000,105000,0,74500,1673800,0,6147500,77545447.5,225000,0,99334700,166500,649500,816000,460500,494000,5659500,19,56,0.3392857143
"Pistacia atlantica, FRUIT OIL",Pistacia atlantica,Miscellaneous,57966750000,12879400,67489500,335500,919000,89000,498500,0,758500,2287000,0,77131000,123115070,89000,0,141287500,313500,829500,1143000,1486500,751500,8854000,36,83,0.4337349398
"Pistacia atlantica, LEAF OIL",Pistacia atlantica,Miscellaneous,87591750000,8331300,25376000,361500,683500,362000,318000,0,443000,2563750,3000,30163500,129537026.5,359000,0,159688750,847000,287000,1134000,1342000,685500,9344000,30,80,0.375
"Pistacia atlantica, OLEORESIN ESS. OIL",Pistacia atlantica,Miscellaneous,6975282500,4002590,19991800,99350,256350,57200,111000,0,230750,627100,0,21389800,37831973.15,57200,0,47035350,92000,272400,364400,447450,243350,2738250,19,27,0.7037037037
"Pistacia palaestina, FRUIT OIL",Pistacia palaestina (Pistacia terebinthus L.),Miscellaneous,52798500000,957700,8297500,39500,350500,53000,147000,0,51500,1088750,0,9847500,50152371.5,53000,0,62480200,26500,529000,555500,384000,346500,3652500,12,29,0.4137931034
"Pistacia palaestina, GALL OIL",Pistacia palaestina (Pistacia terebinthus L.),Miscellaneous,60520000000,955500,16172000,46000,366000,0,258000,0,48000,1117900,0,17962000,50748370,0,0,63799200,0,596000,596000,361000,366000,3710000,10,24,0.4166666667
"Pistacia palaestina, LEAF OIL",Pistacia palaestina (Pistacia terebinthus L.),Miscellaneous,2420000000,800800,8142000,22000,109000,20000,114000,0,47000,332800,5000,8604000,15561578,15000,0,18330300,38000,102000,140000,138000,106000,1132000,13,31,0.4193548387
TURPENTINE (Pistacia terebinthus) FLOWER OIL,TURPENTINE OIL (Pistacia terebinthus),Miscellaneous,51256000000,1804100,20531000,72000,449000,401000,289000,0,112000,1585400,0,22130000,79811507,401000,0,99810000,309000,234000,543000,447000,441000,5727000,23,53,0.4339622642
TURPENTINE (Pistacia terebinthus) FRUIT OIL,TURPENTINE OIL (Pistacia terebinthus),Miscellaneous,119531500000,744800,64480500,30500,527500,84000,715000,0,40500,1709350,0,66066500,73562160,84000,0,90261000,86500,411000,497500,439000,509000,5382000,22,53,0.4150943396
TURPENTINE (Pistacia terebinthus) LEAF OIL,TURPENTINE OIL (Pistacia terebinthus),Miscellaneous,42952250000,14847900,84594500,456000,1338000,159000,2539000,0,905000,3143500,113000,102630500,166037004.5,46000,0,175781050,346500,758500,1105000,4119500,865500,11871000,78,126,0.619047619
TURPENTINE (Pistacia terebinthus) TWIG OIL,TURPENTINE OIL (Pistacia terebinthus),Miscellaneous,45178250000,10363100,48105000,281000,1177500,108000,1383000,0,638500,2098600,2000,54014000,125262510.5,106000,0,154262700,507500,808500,1316000,1013500,743500,9087000,42,83,0.5060240964
ALMOND (roasted) (Prunus amygdalus),,Nuts,1413.5,2633.750026,6818.500032,35.5,119.000001,0,164.000001,0,167.000002,52.0500008,0,7587.500035,9396.937134,0,0,6937.500124,0,0.000001,0.000001,69.5,83.000001,681.50001,11,22,0.5
CANDLENUT (Aleurites moluccana),,Nuts,49129,11314,7920,0,247,0,440,0,1015,466.6,0,12594,51740.867,0,0,68758,0,0,0,521,247,3759,2,3,0.6666666667
CASHEW NUT (raw),CASHEW NUT (Anacardium occidentale),Nuts,1027.66,1645.94,6991.8,15.9,131.5,32.3,50.6,0,102.8,170.57,1.1,7508.8,9806.538,31.2,0,6906.9,0,0,0,354.8,69.6,692.6,21,26,0.8076923077
CASHEW NUT (roasted),CASHEW NUT (Anacardium occidentale),Nuts,2419.055,5051.77,20785.9,55.05,280.2,36.55,222,0,332.9,416.34,8.55,22614.25,26414.75805,28,0,17760.17,0,0,0,769.2,187.4,1891.3,28,34,0.8235294118
COCONUT (roasted),COCONUT (Cocos nucifera L.),Nuts,2322.425031,7005.500347,17678.10261,92.0000085,377.2000125,24.5000025,283.000041,0,463.500019,535.5200491,21.000002,19617.50287,35917.07486,3.5000005,0,23869.96639,0,32,32,1050.550098,250.000011,2567.700145,61,78,0.7820512821
COCONUT MEAT,COCONUT (Cocos nucifera L.),Nuts,1472.750007,3146.850419,21479.00358,66.500011,153.5000125,8.000004,107.0000715,0,190.5000225,419.2000548,8.000002,22377.00399,20001.21932,0.000002,0,11735.00168,0,25.5,25.5,873.000113,124.5000115,1394.500163,33,56,0.5892857143
COCONUT OIL,COCONUT (Cocos nucifera L.),Nuts,31778.48,5936.5,15616.9,4.3,1016.4,0,311.65,0,346.8,1560.37,0,16935,62193.37445,0,0,39903.225,0,0,0,3011.1,344.2,4385.1,44,51,0.862745098
"FILBERT, HAZELNUT (raw)","FILBERT, HAZELNUT (Corylus avellano)",Nuts,0.04,3.7,6.8,0,0.2,0,0,0,0.4,0.44,0,7,27.6328,0,0,16.66,0,0,0,0.4,0.2,2,1,4,0.25
MACADAMIA NUT (raw) (Macadamia integrifolia),MACADAMIA NUT (Macadamia integrifolia),Nuts,252.9603,189.101,4335.33,2.85,27.13,0.38,54.97,0,11.82,84.813,0.06,4521.32,3609.51269,0.32,0,3622.873,0.15,17.63,17.78,61.97,25.31,262.24,81,111,0.7297297297
PEANUT (raw),PEANUT (Arachis hypogaea L.),Nuts,0.1612578428,18.5492934,45.0055335,0,2.06751,0.261002,1.423003,0,1.084754,2.98880965,0.070001,56.1455465,139.1696183,0.191001,0,74.4437815,0,0,0,6.201519,1.084754,9.806785,36,75,0.48
PEANUT (roasted),PEANUT (Arachis hypogaea L.),Nuts,163.2894019,577.1666684,633.88755,0.425,32.4020115,1.7810025,18.3235025,0,42.371004,20.91431375,0.4220005,739.315063,2592.864954,1.359002,0,1504.43752,0,0.027,0.027,24.6895265,24.674004,189.592543,63,319,0.197492163
PEANUT OIL,PEANUT (Arachis hypogaea L.),Nuts,5.6066,51.434,814.79,2.36,2.83,0,2.58,0,2.58,3.673,0,822.89,309.92121,0,0,162.703,0,0,0,5.54,2.58,22.75,3,97,0.03092783505
PISTACHIO NUT (raw) (Pistacia vera),PISTACHIO NUT (Pistacia vera),Nuts,10.4589,74.8,971.62,0.52,10.15,0,16.66,0,4.28,7.806,0,1948.16,551.6931,0,0,389.586,0,0.54,0.54,3.98,6.55,39.44,9,10,0.9
WALNUT KERNEL (Juglans regia L.),WALNUT (Juglans species),Nuts,131822.02,43759.56,55591.2,1157.9,9801.3,22.9,23775.6,0,2728.5,624.63,18.5,102956.3,114041.0425,4.4,0,137337.8,0,72,72,1141.5,545.6,8178.5,9,113,0.0796460177
WALNUT PELLICLE (Juglans regia L.),WALNUT (Juglans species),Nuts,112882233,1231974.4,1483086,32563,231084,985,595960,0,76988,18066.6,489,2706792,3234738.118,496,0,3807987,0,1868,1868,34359,15759,231790,9,9,1
CLAM,,Seafood,0.0468864925,32.85612,145.332,0.64425,2.52975,0.339,3.9073,0,1.82795,3.7476,0.071,182.8611,207.4150691,0.268,0,143.88046,0.09,0.24265,0.33265,6.5358,1.42265,14.22415,80,163,0.490797546
CRAB,,Seafood,4008880,209697.2,257216,5622,5966,15228,10421,0,11246,35698.6,14918,354517,1620585.025,310,0,1708573,0,0,0,78216,5606,116166,19,101,0.1881188119
KATSUOBUSHI (dried bonito),,Seafood,8823.515625,8112.4625,57130.275,287.65,963.7,0,1522.75,0,457.2,343.4275,0,65190.025,32798.95718,0,0,21042.0075,0,0,0,312.1,264.225,2375.65,17,342,0.04970760234
"KELP (Laminaria angustata, brown algae)",,Seafood,367.2507,1433.475,9211.18,37.24,68.77,28.42,152.35,0,79.09,202.283,19.65,10136.31,10371.46144,8.77,0,9142.736,1.68,55.7,57.38,423.01,60.53,740.48,33,37,0.8918918919
KRILL,,Seafood,0.519957,69.1497,100.151,0.45,3.028,0.175,1.702,0,4.155,3.1318,0.14,112.059,272.808073,0.035,0.02,190.6215,0.08,0.717,0.797,1.888,2.091,18.619,38,148,0.2567567568
LOBSTER,,Seafood,0.000049,0.3542,0,0,0.007,0,0,0,0.014,0.0112,0,0,0.757582,0,0,0.0868,0,0,0,0.014,0.007,0.035,1,1,1
MUSSEL,,Seafood,9712.2031,3488.203,23078.93,11.18,139.87,13.5,327.45,0,252.08,109.255,1.84,27499.58,12039.96263,11.66,0,6667.625,0,0.27,0.27,256.67,139.37,827.57,35,41,0.8536585366
OYSTERS,,Seafood,0.0390618125,12.4446,28.00975,0.4235,0.54675,0.345,0.56975,0,0.6185,0.7671,0.22,97.045,56.04788875,0.125,0,34.1561,0,0.09,0.09,1.52675,0.51975,3.8215,26,48,0.5416666667
PRAWN,,Seafood,0.1164459825,14.1099601,75.510053,0.6922505,1.611701,0,2.8545505,0,0.6972505,2.2635113,0,88.2682195,167.1119905,0,0,60.68473845,0,0,0,0.005,0.6947505,6.147204,6,6,1
SQUID,,Seafood,1867735592,793918.2335,59754.345,654.56,44898.99,0,333.24,0,44910.73,-12778.1775,0,77021.625,3337211.822,0,0,1238124.362,0,0,0,71.38,44889.415,222230.12,8,75,0.1066666667
SHRIMPS (cooked fermented),SHRIMPS,Seafood,86.69490027,666.1390584,857.990221,6.7200005,25.490006,0.24,32.5900135,0,44.8700045,23.52800855,0,1024.260305,2681.766414,0.24,0.04,1731.355365,0.160001,2.5,2.660001,15.610007,22.8100045,191.480041,28,46,0.6086956522
SHRIMPS (cooked),SHRIMPS,Seafood,153.1262902,398.3407652,69.0818685,6.435502,20.3553625,0.357,4.9439625,0,29.270259,38.3923457,0.004,93.1745975,2752.760046,0.353,0.3,1912.947299,12.721,9.122702,21.843702,27.2903615,17.616359,188.658675,69,187,0.3689839572
SHRIMPS (raw),SHRIMPS,Seafood,681357,95077.2,129059,2558,3378,6561,4476,0,5075,16113.6,6379,166398,729095.724,182,0,765982,0,0,0,34968,2517,52253,16,74,0.2162162162
ANISE (Pimpinella anisum L.),,Spices & Condiments,735156970000,10458715,109281350,11750,1067800,886200,308450,0,1060350,3168130,27300,129813600,146958200.1,858900,0,123475660,4200,60050,64250,2067650,974000,10884400,25,44,0.5681818182
ASHANTI PEPPER (Piper guineense Schum and Thom),,Spices & Condiments,61273880000,12983780,130449200,81200,638500,59400,830900,0,1306700,2001090,11100,146314900,120050649.9,48300,0,131520780,190900,215700,406600,1645200,629000,8753400,29,59,0.4915254237
CALABASH NUTMEG (Monodora myristica Dunal),,Spices & Condiments,15550650000,2444420,41850100,108400,596700,2300,359800,0,129900,944110,0,45990500,40620927.3,2300,0,36543060,28600,154400,183000,423000,290500,2956100,30,56,0.5357142857
CARDAMOM (Ellettaria cardamomum Maton.),,Spices & Condiments,129088350000,8705000.001,223716600,251950,836800.0001,58700.00001,3660300,0,606050,2494940,32900.00001,288592550,126810739.4,25800,0,129660120,26650,400400,427050,1115600,832300,9148400.001,82,156,0.5256410256
CORIANDER LEAF (Coriandrum sativum L.),,Spices & Condiments,638010500000,31920350,469695500,764500,2075000,745500,1661500,0,1735500,5975100,633000,504639500,279868868.5,112500,0,231209450,9000,949500,958500,9786500,1800000,19939000,40,86,0.4651162791
CORIANDER SEED (Coriandrum sativum L.),,Spices & Condiments,389413830000,15682890,425502850,678850,1010750,72300,1469650,0,816800,2659140,34800,455592700,141637790.8,37500,0,144877895,30450,821750,852200,3011100,938400,10136100,25,122,0.2049180328
CUMIN SEED (Cuminum cyminum L.),,Spices & Condiments,206165105000,11990565,14421000,19300,1896500,0,259000,0,697750,1938065,0,15944050,116528370.6,0,0,130835195,0,23100.00001,23100.00001,1481900,788500,8581700,21,35,0.6
EUCALYPTUS OIL (Eucalyptus globulus Labill),,Spices & Condiments,557335852500,8720775,497423250,50500,926400,22700,8252500,0,855200,2374240,9700,660314950,140431506.2,13000,0,152672540,85400.00001,193100,278500,290100,896950,10043000,49,134,0.3656716418
LAUREL (Laurus nobilis L.),,Spices & Condiments,189898275000,10573330,393821500,234600,960900,10350,5691300,0,836050,2579530,3000,497622950,142717671.6,7350,0,148308250,137700,434250,571950,1525950,901900,10238100,38,142,0.2676056338
LEMON BALM (Melissa officinalis L.),,Spices & Condiments,53190000000,13174600,93613500,198000,2009500,148500,1231500,0,802000,1999950,82500,110140000,111445297.5,66000,0,112926550,40000,457000,497000,2125000,738000,8030500,41,190,0.2157894737
LICORICE (Glycyrrhiza glabra L.),,Spices & Condiments,22559.6062,8342.06625,30695.26173,221.290006,304.570025,7.7,967.330016,0,453.270014,592.6561433,3.9,38636.2319,33182.60794,3.8,0,21485.27234,0,10.58,10.58,1130.100239,254.480021,2313.750322,75,160,0.46875
MACE (Myristica fragrans Houttuyn),,Spices & Condiments,40307965000,5134800,38687000,153000,432200,1000.000004,558850,0,372650,1173175,0.000001,46986000,65725661.5,1000.000003,0,75492600,4000.000002,459000,463000,568650,431200,4766900,34,85,0.4
MUSTARD (Brassica species),,Spices & Condiments,35771000000,9539300,29827000,45000,445000,2000.000001,406000,0,474000,571400,2000.000001,31935000,38059367,0,0,27477700,0,5000,5000,941000,385000,2711000,27,76,0.3552631579
NUTMEG (Myristica fragrans Houttuyn),,Spices & Condiments,127752261968,6374880.62,117680731.6,128109.4,849609.4,9000.000006,1097203.4,0,512218.8,2416907.86,7000.000002,134461486.8,119748344,2000.000004,0,140440777.6,11000,1025000,1036000,1142109.4,806609.4,8727484.6,47,121,0.3884297521
ORIGANUM (Spanish) (Coridothymus cap.(L.) Rchb.),,Spices & Condiments,316057575000,17278020,194740550,827600,7172700,500,6893550,0,869600,3006520,0,274689900,140502909.1,500,0,115809090,42150,78800.00001,120950,1024550,939200,10280300,22,104,0.2115384615
PEPPER (Piper nigrum L.),,Spices & Condiments,35323075538,3911709.5,52791027.5,74047.5,582935,133000,2552205,0,255547.5,1675847,34500,64182710,82490566,98500,0,103372632.5,34500,653477.5,687977.5,632935,515935,6041897.5,30,273,0.1098901099
ROSEMARY (Rosmarinus officinalis L.),,Spices & Condiments,143520605000,12791145,338205350,170100,1397000,15500,3730750,0,884050,2467700,12700,410266000,143673726,2800,0,174039560,297650,948950,1246600,595400,929600,10326850,52,123,0.4227642276
SAFFRON (Crocus sativus L.),,Spices & Condiments,4592449,36645.3,72862,0,8572,0,0,0,2143,4500.3,0,75005,321917.174,0,0,495033,0,0,0,2143,2143,23573,1,31,0.03225806452
TARRAGON (Artemisia dracunculus L.),,Spices & Condiments,211517075000,7223325,328541750,16900,808600,7000,5080100,0,747600,2502870,2500,346910500,121347634.2,4500,0,113454610,0,451150,451150,2117750,799800,8929400,19,40,0.475
VINEGAR,,Spices & Condiments,3513254213,2949787.756,4110546.16,81156.75,92294.78,0,384499.76,0,158117.72,-8939.268,0,17541082.72,5211798.923,0,0,2661000.59,0,5884,5884,20616.76,81987.86,348501.16,19,83,0.2289156627
WORMWOOD OIL (Artemisia absinthium L.),,Spices & Condiments,360330672500,46989325,129657650,1123250,2524950,364050,1476950,0,2998150,5171100,264350,153474100,368682243.5,99700,0,449697595,733900,2961600,3695500,5230200,2446150,26164450,97,171,0.567251462
ANISE HYSSOP (Agastache foeniculum (Pursh) Kuntze),AGASTACHE SPECIES,Spices & Condiments,565261000000,7836300,450101000,27000,981000,77000,6956000,0,801000,3125500,2000,471575000,138375273,75000,0,117627500,64000,126000,190000,2446000,921000,10234000,20,43,0.4651162791
CHEKUR (Alpinia sessilis = Kaempferia galanga),ALPINIA SPECIES,Spices & Condiments,306559130000,24115580,55221200,33300,955600,680600,2446000,0,1986800,3221150,164700,72948600,178548696.5,515900,0,172679280,81600,76400,158000,4531400,927900,12955900,28,36,0.7777777778
SMALLER GALANGA (Alpinia officinarum Hance),ALPINIA SPECIES,Spices & Condiments,250141110000,5088140,338753000,3200,633100,0,5562400,0,531200,1661360,0,447559200,94618463.6,0,0,102516500,10200,163700,173900,111900,623100,6781100,12,48,0.25
ANGELICA ROOT OIL,ANGELICA (Angelica archangelica L.),Spices & Condiments,21192325000,2783580,31144700,60100,503650,13300,845850,0,172950,1317805,0,33519200,61145732.3,13300,0,69832630,54450,477950,532400,393650,412500,4468600,38,87,0.4367816092
ANGELICA SEED OIL,ANGELICA (Angelica archangelica L.),Spices & Condiments,149847240000,0,63879200,0,401800,0,774000,0,0,1369560,0,64672400,54724306,0,0,65053640,0,401400,401400,397400,401800,4018000,5,25,0.2
CALAMUS (ASIAN ORIGIN),CALAMUS (sweet flag) (Acorus calamus L.),Spices & Condiments,1981910000,1502750,14225200,54500,106500,3000,223600,0,121300,127250,0,15630900,10240312.1,3000,0,8464340,19800,4000,23800,153500,90900,674100,33,72,0.4583333333
CALAMUS (EUROPEAN ORIGIN),CALAMUS (sweet flag) (Acorus calamus L.),Spices & Condiments,4719050000,5294470,34144400,164800,465800,16700,551400,0,302500,568400,7800,38598500,39931607.2,8900.000002,0,49288760,287400,164600,452000,275800,214700,2878600,46,165,0.2787878788
CALAMUS (NORTH AMERICAN ORIGIN),CALAMUS (sweet flag) (Acorus calamus L.),Spices & Condiments,61750000000,13470500,60000.00007,95000,3160000,240000,0,0,785000,1155500,0,185000.0001,91699785,240000,0,129920000,805000,320000,1125000,490000,390000,6610000,6,21,0.2857142857
GERMAN CAMOMILE OIL (Matricaria chamomilla L.),CAMOMILE,Spices & Condiments,25528339000,2782408,7507040,64800,441840,143500,265330,0,205080,1473152,100300,8992360,71027746.22,43200,0,92077150,50300,432730,483030,543300,368520,5208780,30,71,0.4225352113
ROMAN CAMOMILE OIL (Anthemis nobilis L.),CAMOMILE,Spices & Condiments,169209275000,23658130,14738200,31300,977200,685250,96400,0,1777200,2640295,577950,15214500,148997241.4,107300,0,152290340,0,281700,281700,3830000,936100,10521300,35,135,0.2592592593
CARAWAY HERB,CARAWAY (Carum carvi L.),Spices & Condiments,991562250000,10012050,95013500,0,3923500,1591000,450000,0,585500,5891750,7000,97790000,280535648.5,1584000,0,377547200,779500,803500,1583000,1625000,1602500,20574000,9,20,0.45
CARAWAY ROOT,CARAWAY (Carum carvi L.),Spices & Condiments,146268250000,6138900,8352000,0,989500,940000,171000,0,359000,2837650,143000,9070000,132281297.5,797000,0,143799100,100500,2000.000001,102500,2448500,760500,9573500,9,18,0.5
CARAWAY SEED,CARAWAY (Carum carvi L.),Spices & Condiments,803309512500,20324650,460012850,53400,5992300,0,2127350,0,1192350,4398790,0,469822850,240389179.3,0,0,334402830,562200,1142000,1704200,1673400,1634750,17603100,22,52,0.4230769231
CURCUMA AERUGINOSA ROXB.,CURCUMA SPECIES,Spices & Condiments,33395500000,11734700,84413000,174000,22543000,170000,919000,0,738500,1601450,40000,100504000,109442908,130000,0,160178200,743000,251500,994500,423000,580000,7895500,25,39,0.641025641
CURCUMA CAESIA ROXB.,CURCUMA SPECIES,Spices & Condiments,25275225,143927,4255840,4110,13355,0,26740,0,8300,32738,0,4799930,1724756.795,0,0,1925390,3150,10945,14095,21140,10525,124675,5,7,0.7142857143
CURCUMA HEYNEANA VAL.,CURCUMA SPECIES,Spices & Condiments,30661500000,10410500,71465000,149000,21718000,118000,991000,0,683000,1404900,16000,88367500,95811362.5,102000,0,140043800,603000,162500,765500,532500,502000,6912500,24,36,0.6666666667
TEMOE LAWAK (Curcuma xanthorrhiza Roxb.),CURCUMA SPECIES,Spices & Condiments,59914621600,5100754,12410260,130685,2009725,74000,76130,0,295360,2255153.5,74000,17233850,97842752.31,0,0,111321720,222690,301980,524670,1508420,477760,7199460,21,49,0.4285714286
TURMERIC (Curcuma longa L.= C. domestica Val.),CURCUMA SPECIES,Spices & Condiments,39128045031,2338527.5,1166470,158675,871617.5,1000,7000,0,135650,730208.5,1000,2214060,37063886.14,0,0,36512080,134750,14220,148970,579930,298267.5,2483100,12,40,0.3
"TURMERIC, WILD (Curcuma aromatica Salisb.)",CURCUMA SPECIES,Spices & Condiments,46788410200,9405134,16554950,193200,2435980,92350,101580,0,612190,2255041,84500,22628390,111173629.3,7850,0,136797040,309130,201480,510610,1706990,500640,8176290,24,43,0.5581395349
DILL BLOSSOM (Anethum graveolens L.),DILL (Anethum species),Spices & Condiments,458190.12,14926.93007,71146.3,4.300002,3938.700009,39.8,26.4,0,881.700004,5009.400004,3.2,74255,207382.0609,36.6,0,231003.2004,19.1,744.800002,763.900002,6651.000003,971.800002,14967.10002,23,39,0.5897435897
DILL HERB (Anethum graveolens L.),DILL (Anethum species),Spices & Condiments,2148.264003,1515.762009,21008.5201,10.325,131.610005,7.955,126.310003,0,146.4750005,377.0165088,1.47,21890.23011,18235.31424,6.485,0,17766.26356,0.51,40.5850045,41.0950045,270.4950015,114.420003,1327.880031,81,135,0.6
DILL ROOT (Anethum graveolens L.),DILL (Anethum species),Spices & Condiments,344718.75,35331.05009,154818.0001,0,1452.500012,5.000002,1034.500002,0,3577.500007,4099.95001,5.000001,162508.0001,275338.1921,0.000001,0,327891.3011,455,105.0000045,560.0000045,3945.500006,1438.500004,19946.00005,15,38,0.3947368421
DILL SEED (Anethum graveolens L.),DILL (Anethum species),Spices & Condiments,801291767144,15827515.2,505801152,0,4557448,0,1795044,0,939652,2216651.2,0,515731650,138843378.9,0,0,205279468,895000,18380,913380,943924,921016,10165084,6,57,0.1052631579
INDIAN DILL ROOT (Anethum sowa Roxb.),DILL (Anethum species),Spices & Condiments,35301,6601.3,0,0,253,1,0,0,502,725.7,1,0,48415.018,0,0,71575,330,0,330,752,251,3514,3,4,0.75
INDIAN DILL SEED (Anethum sowa Roxb.),DILL (Anethum species),Spices & Condiments,590101200,794925,3404655,0.000002,120060,0,14040.00001,0,69075,107370,0,3531735.001,6774624.945,0,0,8688744,0,27540,27540,75915,39960,492975,8,21,0.380952381
BITTER FENNEL (var. vulgare (Miller)),"FENNEL (Foeniculum vulg., ssp. capillaceum; var.)",Spices & Condiments,893663097500,16024700,171911700,13150,1710500,1297150,1131600,0,1580200,5473940,742750,190592700,251891626.3,554400,0,227180590,0,460300,460300,2997100,1708150,18623700,19,37,0.5135135135
SWEET FENNEL (var. dulce (Miller)),"FENNEL (Foeniculum vulg., ssp. capillaceum; var.)",Spices & Condiments,574338532500,9239820,129372900,3750,1036750,761300,657100,0,914100,3313315,17350,148556350,151843313.5,743950,0,138804360,2600,313150,315750,1781300,1032150,11224500,22,39,0.5641025641
VEGETABLE FENNEL (var. azoricum (Miller)),"FENNEL (Foeniculum vulg., ssp. capillaceum; var.)",Spices & Condiments,684742085000,9220425,116283050,1750,989750,831450,427700,0,941350,3195125,8400,135943200,145948732.7,823050,0,127277490,0.000002,180050,180050,1828050,987800,10806350,17,25,0.68
CYMBOPOGON CITRATUS OIL,LEMON GRASS OIL,Spices & Condiments,10356412500,5738095,40735250,58300,339600,185400,104600,0,394150,871190,131100,42162350,46960628.85,54300,0,51961900,7400.000001,107950,115350,1320850,261350,3350450,18,34,0.5294117647
CYMBOPOGON FLEXUOSUS OIL,LEMON GRASS OIL,Spices & Condiments,2823580000,1949680,22982000,55300,151900,61400,75900,0,113000,354350,41900,23838600,18226246.7,19500,0,18713170,0,55600,55600,442300,118200,1304700,9,42,0.2142857143
LOVAGE LEAF,LOVAGE (Levisticum officinale Koch),Spices & Condiments,11393110000,4348025,9740700,22100,670100,159550,275000,0,318800,641480,85000,13597050,36664034,74550,0,52192700,5600.000001,30500,36100,367850,206300,2706500,13,104,0.125
LOVAGE ROOT,LOVAGE (Levisticum officinale Koch),Spices & Condiments,499122672500,45070435,44641700,475900,3839650,1123400,1250200,0,3003450,3216200,851750,58286550,265028074.6,271650,0,408092660,0,126550,126550,2898500,1565750,19415900,23,96,0.2395833333
LOVAGE SEED,LOVAGE (Levisticum officinale Koch),Spices & Condiments,13755477500,5263700,6399150,1400,648450,198100,128200,0,398900,745280,137500,8170100,44420141.1,60600,0,69106120,0,58200,58200,446900,248650,3279000,17,58,0.2931034483
CORNMINT OIL (Mentha arvensis L. var. piperascens),MENTHA OILS,Spices & Condiments,531303125000,35638250,319604400,902150,4356900,224950,2372650,0,1996750,5604205,136950,340702100,309361610.7,88000,0,322903100,124850,3111050,3235900,3776350,1974000,22133750,37,108,0.3425925926
PENNYROYAL OIL (Mentha pulegium L.),MENTHA OILS,Spices & Condiments,398933127500,24049610,95436850,93050,6790650,1000,463700,0,1433650,3641180,1000,100106150,212478222,0,0,242651955,153900,1813950,1967850,1272750,1362350,15259250,27,68,0.3970588235
PEPPERMINT OIL (Mentha piperita),MENTHA OILS,Spices & Condiments,210932553770,20664015.61,150043287.9,515524.05,2231842.82,49911,2545515.675,0,1191159.145,3441547.552,80,171301126.2,186836128,49831,0,176862517,205106,2318973,2524079,1236132.4,1184058.12,13301207.66,127,224,0.5669642857
SCOTCH SPEARMINT OIL (Mentha cardiaca Ger.),MENTHA OILS,Spices & Condiments,502822000001,13139914.25,113895000,21000,3737001.105,9000,543000,0,782001.105,2366103.339,3000,121185002,137095670.6,6000,0,193440159.7,13000,915000,928000,967001.965,914001.105,10030014.55,26,226,0.1150442478
SPEARMINT OIL (Mentha spicata L.),MENTHA OILS,Spices & Condiments,309545864105,14842972.54,98447950,136050,3304143.53,47150,526450,0,887343.53,2361876.613,4850,107084602.3,141068655.3,42300,0,191343853.2,100450,985700,1086150,1113349.08,902293.53,10274890.69,32,100,0.32
MYRTLE BERRY,MYRTLE (Myrtus communis L.),Spices & Condiments,195761685000,10725040,361812000,101200,822900,53400,5219800,0,903500,2178935,17000,456125050,132039920,36400,0,151125110,900,464150,465050,1226050,822000,9475800,22,56,0.3928571429
MYRTLE LEAF,MYRTLE (Myrtus communis L.),Spices & Condiments,175820252500,14446205,207981250,69300,833750,26800,2975500,0,1139100,1970450,4900,261256550,135977921.7,21900,0,173411350,2700,854800,857500,1709800,786850,9772450,34,55,0.6181818182
OCIMUM BASILICUM VARIETIES,OCIMUM SPECIES,Spices & Condiments,425630264751,33548486.5,552980695,485125,2037130,643510,7092710,0,2513525,4803168,235830,638647045,273217493.9,407680,0,263797255,69545,472805,542350,5050930,1734830,20000705,62,191,0.3246073298
OCIMUM SANCTUM L.,OCIMUM SPECIES,Spices & Condiments,426796227625,21753536,440955480,426440,1774905,0.000001,8792370,0,1844630,2112868,0.000001,562988110,159238539.3,0,0,140258883,0.000004,18395.00001,18395.00002,3269355,926905,11624130,19,70,0.2714285714
PIMENTO BERRY,PIMENTO (ALLSPICE) (Pimenta dioica L. Merr.),Spices & Condiments,485208842500,23736350,299241950,720850,2313700,0,7828350,0,1708400,2121325,0,470460850,156149363.7,0,0,140749080,10000,142450,152450,2812750,947150,11394950,22,81,0.2716049383
PIMENTO LEAF,PIMENTO (ALLSPICE) (Pimenta dioica L. Merr.),Spices & Condiments,515416767500,21839250,223549600,725150,2213050,0,6852350,0,1498800,1605760,0,397645400,127491165.9,0,0,114115190,24700,28100,52800,2242100,775250,9312550,11,78,0.141025641
CLARY SAGE (Salvia sclarea L.),SALVIA SPECIES,Spices & Condiments,237936685000,16390045,134310950,284350,1025950,565250,1558150,0,1176200,3291475,47800.00001,147340250,200578988,517450,0,231278410,357100,604450,961550,3790100,1072900,13925050,53,182,0.2912087912
RED SAGE (Texas sage) (S. coccinea Juss. ex Murr.),SALVIA SPECIES,Spices & Condiments,183317812500,13949775,35019250,456500,987750,151500,1017250,0,880750,2916475,0,41572250,161510878,151500,0,187814900,20250,2325250,2345500,1019000,865250,11752000,24,34,0.7058823529
SAGE (Salvia officinalis L.),SALVIA SPECIES,Spices & Condiments,43909730000,7296675,174487700,141750,735600,3750,1644650,0,468950,1639645,3750,205104800,91799994.5,0,0,117368270,429550,686900,1116450,336050,563400,6608250,25,75,0.3333333333
SPANISH SAGE (Salvia lavandulaefolia Vahl.),SALVIA SPECIES,Spices & Condiments,99512192500,8348285,274345200,33850,908800,14350,2496350,0,590750,1724025,11050,321955950,101398829.4,3300,0,128478090,0,896250,896250,476250,657750,7313650,18,58,0.3103448276
SATUREJA THYMBRA L.,SATUREJA SPECIES,Spices & Condiments,78002715000,7346390,128518450,360350,3249100,0,3397700,0,365950,1684460,0,166389450,72566224.35,0,0,58200160,29550,41900,71450,479100,496100,5326950,14,22,0.6363636364
SUMMER SAVORY (Satureja hortensis L.),SATUREJA SPECIES,Spices & Condiments,193489500000,9258200,29453500,456500,4078000,0,3211000,0,460500,1688850,0,69520500,78878807.5,0,0,64435200,0,56000,56000,534500,532000,5780500,11,24,0.4583333333
WINTER SAVORY (Satureja montana L.),SATUREJA SPECIES,Spices & Condiments,133486447500,8103940,30551000,381050,3341100,7800,2551650,0,412700,1838590,0,62718700,81682441,7800,0,66212320,37050,65300,102350,622850,554250,5988200,21,44,0.4772727273
THYMUS VULGARIS L.,THYME (Thymus species),Spices & Condiments,133315875995,8851676.815,182117616.7,385981.55,3352031.55,36000,3898397.05,0,463413.1,2767774.945,3000,224975679.1,115090045.6,33000,0,96113201.2,25950,290650,316600,1001431.55,824331.55,8422783.95,60,109,0.5504587156
THYMUS ZYGIS L.,THYME (Thymus species),Spices & Condiments,170501787500,11683325,163983900,548650,4650000,1000.000001,4443700,0,604100,2938435,0,215348850,127108396.8,1000.000001,0,103469360,52500.00001,175050,227550,940400,867950,9321700,30,64,0.46875
"THYMUS, OTHER TYPES",THYME (Thymus species),Spices & Condiments,221370310000,25455040,236680750,1017150,4907750,266050,4420500,0,1386900,4685820,167450,291102800,231982802.8,98600,0,230800800,744750,610500,1355250,2767150,1492700,16761800,44,156,0.2820512821
BOURBON VANILLA (Vanilla planifolia Andrews),VANILLA,Spices & Condiments,315999075.3,996831.95,7973422.5,22911,105151.4,0,157835.1,0,62892.2,25762.02,0,9155820.4,3172712.779,0,0,2802571.55,0.1,0,0.1,39981.4,21221.6,229403.8,8,216,0.03703703704
"ETHIOPIAN PEPPER, GUINEA PEPPER (X. aethiopica)",XYLOPIA SPECIES,Spices & Condiments,74636000000,2859600,21087000,132000,420000,0,495000,0,153000,1187100,0,29979000,59938287,0,0,71948600,0,610000,610000,398000,420000,4353000,6,25,0.24
XYLOPIA PARVIFLORA (A. RICH) BENTH.,XYLOPIA SPECIES,Spices & Condiments,4561000000,2090500,20023000,74000,203000,14000,206000,0,119000,581200,0,23801000,30248553,14000,0,35905000,19000,311000,330000,156000,203000,2200000,14,28,0.5
"AUBERGINE, EGGPLANT (Solanum melongena L.)",,Vegetables,0.000000271205,0.009789,0.152651,0.00002,0.001775,0.00017,0.003377,0,0.00063,0.0074995,0,0.17221,0.258470943,0.00017,0,0.1480275,0,0.00016,0.00016,0.007997,0.001665,0.01852,30,45,0.6666666667
CARROT (Daucus carota L.),,Vegetables,1635826585,820748.8813,7301825.392,44334.115,44402.15201,40.0380005,257632.146,0,44429.207,-6453.50189,39.9700005,72995314.73,1946891.143,0.068,0,140786.033,0.1900005,68.5700025,68.760003,521.737011,44376.292,126488.686,48,97,0.4948453608
CHICORY ROOT (roasted),,Vegetables,75263250,1049006.5,6538085,32575,15540,0,24390,0,55440,-12748,0,7296655,1505396.14,0,0,1206781,0,8735,8735,24360,15540,100580,5,37,0.1351351351
CUCUMBER (Cucumis sativus L.),,Vegetables,23.174025,189.8385,489.04,0,14.845,10.35,21.185,0,11.09,19.488,2.1,588.875,1197.517535,8.25,0,813.095,0,0,0,41.75,10.995,85.18,7,49,0.1428571429
ENDIVE (Cichorium endivia L.),,Vegetables,3.6975,101.95,488.95,3.1,6.55,3.475,4.775,0,5.4,8.5075,0.625,535.5,539.80005,2.85,0,263.0525,0,0.15,0.15,17.975,5.4,37.8,12,119,0.1008403361
HORSERADISH (Armoracia lapathifolia),,Vegetables,27569402.69,235163.46,1113278.6,0,5336.7,0,89333,0,10586.7,12639.49,0,1281361.6,526612.2308,0,0,433732.5,0,0,0,10590.4,5336.7,31952,3,21,0.1428571429
LAMB'S LETTUCE (Valerianella locusta),,Vegetables,6.34555,227.747,746.65,4.59,11.565,4.145,5.1,0,14.175,21.554,0.98,801.1,1412.91106,3.165,0,1082.425,0,2.895,2.895,38.175,10.52,100.85,32,104,0.3076923077
LENTILS,,Vegetables,27.57217138,188.88812,1911.2858,7.57,11.7529,0,49.54085,0,9.6082,-1.51536,0,6012.2924,429.288741,0,0,68.50503,0,0.03,0.03,1.469,9.7929,27.96635,30,32,0.9375
LETTUCE (Lactuca sativa L.),,Vegetables,105269382.3,12585.65,8509.6,10359,10440.5,14,41777.9,0,10367.5,-7154.98,0,124297.8,181273.11,14,0,3259.13,0,0,0,85.7,10349.5,10722.7,15,20,0.75
PEAS (Pisum sativum L.),,Vegetables,40115.90447,3543.6854,32775.7225,3.74025,407.81227,0.145,3018.49876,0,206.53628,-60.24238,0,41742.89852,9125.906113,0.145,0,2164.399795,0,0.02,0.02,3.24077,205.50726,621.11011,40,164,0.243902439
RHUBARB,,Vegetables,40195665.62,6761.2,3204.5,6357.6,6357.6,0,25463.8,0,6357.6,-4416.99,0,73478.2,109832.161,0,0,891.53,0,0,0,24.9,6357.6,6476.4,6,42,0.1428571429
SAUERKRAUT,,Vegetables,25120.79,12972.25,166087.9,482.5,442.5,0,25069.3,0,505,-30.98,0,231213.6,29005.4561,0,0,15912.53,0,0,0,640.4,252.5,2070.4,9,30,0.3
WASABI (Wasabi japonica) (Japanese horseradish),,Vegetables,91872225,425574,2032020,0,9585,0,162945,0,19170,23004,0,2338740,950391.09,0,0,781177.5,0,0,0,19170,9585,57510,1,23,0.04347826087
"WAX GOURD, WINTER MELON (Benincasa hispada Cogn)",,Vegetables,0.41650016,26.5688702,58.113012,0.07,2.280401,0.94,6.362805,0,1.670402,2.6836004,0,76.824626,154.1522349,0.94,0,92.5060705,0,0.02,0.02,5.680401,1.390401,10.883207,13,14,0.9285714286
GARLIC (Allium sativum L.),ALLIUM SPECIES,Vegetables,4147751.004,62696.729,121003.58,2394.82,3367.1,0.88,7899.65,0,4731.59,4812.256,0.88,246527.33,316999.9142,0,0,93323.442,0,27.67,27.67,6739.35,3356.21,16683.37,27,46,0.5869565217
LEEK (raw) (Allium porrum L.),ALLIUM SPECIES,Vegetables,806.75,754.7,1746,3.5,63.5,23,43.5,0,43.5,70.95,0,2151,4317.6045,23,0,2278,0,0,0,151,43.5,304.5,5,45,0.1111111111
NIRA (Allium tuberosum Rottl.),ALLIUM SPECIES,Vegetables,927.1884,3659.716,5263.46,2.58,62.54,2.52,94.68,0,145.9,113.274,1.72,5776.82,7452.0174,0.8,0,1572.942,0,0.78,0.78,149.16,62.22,343.26,27,34,0.7941176471
NOBIRU (Allium grayi Regal),ALLIUM SPECIES,Vegetables,1237.1972,4641.458,3469.82,11.16,282.28,3.6,40.9,0,220.92,1077.728,2.6,3732.82,38130.0246,1,0,20217.572,31.8,24.4,56.2,1822.54,175.22,2531.9,46,46,1
ONION (Allium cepa L.),ALLIUM SPECIES,Vegetables,1043.93015,3976.464518,13886.94504,28.34,83.3600005,4.13,152.4700015,0,174.900001,221.2464997,3.2,15699.56015,12791.45126,0.93,0,4634.023015,0,0,0,294.16,83.3600005,731.785002,19,109,0.1743119266
GLOBE ARTICHOKE (Cynara scolymus L.),ARTICHOKE,Vegetables,0.00001444676625,0.17378805,1.486883,0.0051,0.014052,0.000825,0.0337125,0,0.0096455,0.01819065,0.00003,2.1872825,1.187807193,0.000795,0,0.79109295,0.0006,0.00135,0.00195,0.0180215,0.0100815,0.085589,38,48,0.7916666667
JERUSALEM ARTICHOKE (Helianthus tuberosus),ARTICHOKE,Vegetables,0.000000094001,0.00646,0.09713,0.00003,0.001061,0,0.00225,0,0.00044,0.0050128,0,0.14219,0.163614821,0,0,0.074851,0,0,0,0.007121,0.000961,0.011608,18,20,0.9
ASPARAGUS (cooked),ASPARAGUS (Asparagus officinalis L.),Vegetables,131.7104,809.6758109,7040.951651,24.440004,54.540063,2.340005,39.210062,0,42.440049,34.7630609,2.060001,7500.091851,2924.18736,0.280004,0,1459.925754,0,7.170005,7.170005,68.000093,29.160034,198.880297,107,116,0.9224137931
ASPARAGUS (raw),ASPARAGUS (Asparagus officinalis L.),Vegetables,1225.4161,2364.129,18153.7,71.26,176.21,35.05,842.2,0,141.54,53.781,0.05,26070.3,6899.49161,35,0,7900.055,0,0.36,0.36,106.91,36.11,495.64,9,140,0.06428571429
BEANS (raw),BEANS,Vegetables,2.14495649,50.22834,510.8277,1.552,3.7687,0,13.628,0,2.6334,-0.41283,0,738.9518,122.0924527,0,0,30.52061,0,0.02,0.02,0.46,2.6787,8.0581,31,175,0.1771428571
BEETROOT (cooked),BEETROOT (Beta vulgaris L.),Vegetables,0.0144,4.3560425,9.840061,0,0.120001,0,0.360001,0,0.240002,-0.0720004,0,36.600074,9.376054133,0,0,3.4800853,0,0,0,0,0.120001,0.480005,2,18,0.1111111111
BEETROOT (raw),BEETROOT (Beta vulgaris L.),Vegetables,77440900.62,9610.84343,411.2559,8831.40215,8831.40215,0,35208.8,0,8831.40215,-6179.162905,0,97345.0559,150961.9292,0,0,143.05215,0.00645,0,0.00645,1.9,8831.40215,8871.72795,7,10,0.7
CHINESE CABBAGE,BRASSICA CAMPESTRIS,Vegetables,503.6,760.2,800,22,31.4,24.1,24.1,0,35.8,43.3,0,892.2,3330.0773,24.1,0,2027.16,0,3.3,3.3,91,31.4,231.5,6,31,0.1935483871
TURNIP,BRASSICA CAMPESTRIS,Vegetables,28.25,201.25,1865.5,7,11,7,12.5,0,10.5,16.7,0,1976,1051.6695,7,0,489.1,0,0,0,35,10.5,73.5,5,32,0.15625
CABBAGE (cooked),CABBAGE (Brassica oleracea),Vegetables,55205129.46,8306.7425,4156.915,7461.74,7467.05,0.395,29884.18,0,7467.315,-5186.9925,0.05,86927.42,129098.3904,0.345,0,1049.4025,0,0,0,28.83,7465.895,7609.515,50,56,0.8928571429
CABBAGE (raw),CABBAGE (Brassica oleracea),Vegetables,150.1749979,1186.260902,12692.55972,38.522005,203.020014,13.3665,1311.131507,0,62.419024,24.9376268,0.0765,17746.00578,3031.50768,13.29,0,3079.709898,0.3270015,1.062503,1.3895045,44.8555505,20.924014,214.60262,70,97,0.7216494845
KALE,CABBAGE (Brassica oleracea),Vegetables,232867984.4,16326.1,2827.8219,15300.6,15304.4565,0,61153.2552,0,15308.3,-10670.91775,0,171462.3414,263156.9795,0,0,1794.54725,0,3.3,3.3,43,15302.2565,15481.1345,24,24,1
KOHLRABI,CABBAGE (Brassica oleracea),Vegetables,8954.699925,9587.479156,7807.400701,25.855001,353.435012,26.175,188.025008,0,467.81501,449.5385623,0.04,9120.980728,31814.13399,26.135,0,21349.02153,247.5,1.26,248.76,534.525097,247.455011,1987.775146,75,83,0.9036144578
"CAPSICUM ANNUUM (Bell pepper, sweet pepper)",CAPSICUM SPECIES,Vegetables,0.32568425,34.746,260.7965,0.66,4.1405,0.867,6.0575,0,2.135,4.72895,0,310.592,252.1610495,0.867,0,205.4153,0,0.33,0.33,5.37,1.9075,18.292,29,97,0.2989690722
BROCCOLI (cooked),CAULIFLOWER and BROCCOLI,Vegetables,0.372712,49.0864,34.354,0.06,2.108,0.07,0.952,0,2.532,3.4544,0,37.494,208.104434,0.07,0,173.5342,1.6,0.01,1.61,3.862,1.408,14.052,18,21,0.8571428571
CAULIFLOWER (cooked),CAULIFLOWER and BROCCOLI,Vegetables,0.1616,46.606,77.23,0.22,1.66,0.11,4.51,0,2.15,2.864,0,89.27,157.51982,0.11,0,95.832,0.16,0.01,0.17,4.6,1.18,10.05,28,48,0.5833333333
CAULIFLOWER (raw),CAULIFLOWER and BROCCOLI,Vegetables,40658299.65,8994.2,5926,6485.1,6485.1,0,25583.3,0,6485.1,-4479.65,0,77307.1,114160.4147,0,0,1563.31,0,0,0,19.7,6485.1,6765.2,8,40,0.2
CELERY LEAVES and/or STALKS,CELERY (Apium graveolens L.),Vegetables,384174460.3,22017.7521,52662.605,19704.77,19828.646,4.987,79109.99,0,19763.249,-13083.5435,0.147,274243.485,366109.3037,4.84,0,32901.33,14.36,155.737,170.097,316.762,19820.582,21977.553,58,164,0.3536585366
CELERY ROOT (Apium graveolens L. var. rapaceum),CELERY (Apium graveolens L.),Vegetables,5945.548297,3272.029405,2413.210037,6.11,203.196014,10.800003,59.077002,0,245.523008,470.146915,8.050002,2965.97207,26691.23436,2.750001,0,33986.61277,157.67,44.450009,202.120009,417.643007,145.833006,1934.922076,26,79,0.3291139241
CELERY SEED OIL,CELERY (Apium graveolens L.),Vegetables,599014182500,3512113.41,134232100,9550,1016252.1,31900.7,1634000,0,261301.4,3078180,0.7,137981850,133426616.6,31900,0,165410611.5,64500,815750.7,880250.7,1205050.7,927450.7,9788009.8,18,57,0.3157894737
PARSLEY LEAVES,PARSLEY (Petroselium species),Vegetables,1305605.961,48233.34014,508888.251,6.400002,3261.000014,6.4,3048.800017,0,5055.30001,7000.48002,0,532029.6012,430224.2033,6.4,0,498669.1215,0,189.9000045,189.9000045,5907.600008,2435.700012,31404.50012,27,85,0.3176470588
PARSLEY ROOT,PARSLEY (Petroselium species),Vegetables,1025,1142.5,0,50,45,40,0,0,60,222.5,40,0,10896.14,0,0,16325,5,50,55,375,45,800,3,3,1
PARSLEY SEED OIL,PARSLEY (Petroselium species),Vegetables,29036851.69,173573.5,2984969.8,29.7,8069.7,21,5377,0,18574,22166.86,0,3099594.3,1392212.704,21,0,1473836,0,1793,1793,21705,7590.7,101312.7,15,24,0.625
POTATO (cooked or boiled),POTATO (Solanum tuberosum L.),Vegetables,0.003814317502,2.0715971,10.1381,0.0152,0.201805,0.008551,0.189101,0,0.120054,0.2337489,0.003701,11.805452,12.57213942,0.00485,0,5.99572,0,0.0039,0.0039,0.472706,0.115052,0.88607,33,97,0.3402061856
POTATO (raw),POTATO (Solanum tuberosum L.),Vegetables,0.03502866,9.00816865,145.530257,0.2625005,0.4237005,0.058,2.5576055,0,0.479301,0.62850095,0,180.510561,36.52598746,0.058,0,23.265752,0,0,0,0.8192005,0.3291005,2.6151045,8,56,0.1428571429
RADISH (raw),RADISH (Raphanus sativus L.),Vegetables,71413136.72,13285.45,10504.6,8629.5,8729.5,118,34046.6,0,8712,-5652.71,0,105523.7,166150.5545,118,0,10589.19,0,0,0,488.1,8712,10018.1,15,60,0.25
DEFATTED SOYBEAN,SOYBEAN (Glycine max. L. merr.),Vegetables,7774.5069,16599.65,56341.38,541.2,1140.53,126.9,2977.06,0,935,380.99,42.5,73590.38,43247.74146,84.4,0,45515.168,10,0,10,527.02,257.35,3112.68,38,61,0.6229508197
SOYBEAN,SOYBEAN (Glycine max. L. merr.),Vegetables,24.024856,266.5058373,2601.546046,11.720001,15.188001,0,34.410006,0,13.678002,9.9289998,0,6408.945131,951.9170581,0,0,244.945431,0,0.8,0.8,20.622,13.784001,64.218004,25,262,0.09541984733
SOYBEAN (heated),SOYBEAN (Glycine max. L. merr.),Vegetables,2.9575,105.522,23.39,0,6.8,0,0.01,0,8.18,4.489,0,28.49,509.34383,0,0,354.406,0,0,0,2.78,4.09,37.5,15,111,0.1351351351
TOMATO FRESH,TOMATO (Lycopersicon esculentum Mill.),Vegetables,35117247.79,912295.3889,4589213.482,27893.15201,7898.255769,36.454185,100752.8208,0,48347.86445,-10209.71715,16.93099,5701431.439,1378495.493,19.523195,0,1545227.624,80.01,1422.218365,1502.228365,36343.57277,7778.728767,93314.87177,111,421,0.2636579572
TOMATO JUICE,TOMATO (Lycopersicon esculentum Mill.),Vegetables,133025.807,8724.4454,87691.548,419.058,441.277,0.122,1093.431,0,432.328,-173.1671,0.048,191178.05,15279.06663,0.074,0,1309.0323,0,0.125,0.125,18.161,431.791,963.079,24,145,0.1655172414
TOMATO PASTE,TOMATO (Lycopersicon esculentum Mill.),Vegetables,62.53793625,578.87635,933.382,10.682,49.378,0.065,10.43,0,31.3435,16.74075,0.032,1079.501,1696.729696,0.033,0,1282.11955,0,1.311,1.311,16.4835,17.5675,111.742,45,119,0.3781512605