record_id,product_id,family_id,material_role,preparation_state,source_id,source_group,normalized_group,compound_name_source,specific_ion_mz,lri,commercial_egg_CE,blue_shell_BSE,woorimatdag1,woorimatdag2,sem,metric,identification_method,numeric_match_factor,mr09_status,commercial_egg_detected,culinary_relevance_route,notes
DEY-BOIL-001,egg:yolk_chicken,family:egg,yolk_carrier,boiled_100C_15min,SRC-EGG-YOLK-BOIL-001,Acid,Esters,"1-Butanol, 2-methyl-, propanoate",57.1,960,0.008,0.011,0.011,0.0,0.0035,AU × 10^6,HS-SPME-GC-MS; source method references prior VOC-identification procedure; LRI reported for every row,,partial_no_numeric_match_factor,yes,normal_culinary_evidence,Source places this propanoate ester under Acid; source group preserved.
DEY-BOIL-002,egg:yolk_chicken,family:egg,yolk_carrier,boiled_100C_15min,SRC-EGG-YOLK-BOIL-001,Acid,Acid,n-Hexadecanoic acid,73.0,1961,0.096,0.028,0.029,0.194,0.0569,AU × 10^6,HS-SPME-GC-MS; source method references prior VOC-identification procedure; LRI reported for every row,,partial_no_numeric_match_factor,yes,normal_culinary_evidence,CE = commercial chicken egg control; breed values retained separately. Source-group taxonomy is preserved.
DEY-BOIL-003,egg:yolk_chicken,family:egg,yolk_carrier,boiled_100C_15min,SRC-EGG-YOLK-BOIL-001,Acid,Acid,Octadecanoic acid,73.0,2161,0.021,0.0,0.004,0.054,0.0141,AU × 10^6,HS-SPME-GC-MS; source method references prior VOC-identification procedure; LRI reported for every row,,partial_no_numeric_match_factor,yes,normal_culinary_evidence,CE = commercial chicken egg control; breed values retained separately. Source-group taxonomy is preserved.
DEY-BOIL-004,egg:yolk_chicken,family:egg,yolk_carrier,boiled_100C_15min,SRC-EGG-YOLK-BOIL-001,Acid,Acid,Tetradecanoic acid,57.1,1759,0.019,0.0,0.0,0.0,0.0068,AU × 10^6,HS-SPME-GC-MS; source method references prior VOC-identification procedure; LRI reported for every row,,partial_no_numeric_match_factor,yes,normal_culinary_evidence,CE = commercial chicken egg control; breed values retained separately. Source-group taxonomy is preserved.
DEY-BOIL-005,egg:yolk_chicken,family:egg,yolk_carrier,boiled_100C_15min,SRC-EGG-YOLK-BOIL-001,Acid,Acid,trans-13-Octadecenoic acid,55.1,2138,0.0,0.0,0.0,0.043,0.0117,AU × 10^6,HS-SPME-GC-MS; source method references prior VOC-identification procedure; LRI reported for every row,,partial_no_numeric_match_factor,no,normal_culinary_evidence,CE = commercial chicken egg control; breed values retained separately. Source-group taxonomy is preserved.
DEY-BOIL-006,egg:yolk_chicken,family:egg,yolk_carrier,boiled_100C_15min,SRC-EGG-YOLK-BOIL-001,Alcohol,Alcohol,(S)-(+)-3-Methyl-1-pentanol,56.1,789,0.022,0.009,0.016,0.027,0.0046,AU × 10^6,HS-SPME-GC-MS; source method references prior VOC-identification procedure; LRI reported for every row,,partial_no_numeric_match_factor,yes,normal_culinary_evidence,CE = commercial chicken egg control; breed values retained separately. Source-group taxonomy is preserved.
DEY-BOIL-007,egg:yolk_chicken,family:egg,yolk_carrier,boiled_100C_15min,SRC-EGG-YOLK-BOIL-001,Alcohol,Alcohol,1-Dodecanol,57.0,1490,0.0,0.0,0.004,0.006,0.0019,AU × 10^6,HS-SPME-GC-MS; source method references prior VOC-identification procedure; LRI reported for every row,,partial_no_numeric_match_factor,no,normal_culinary_evidence,CE = commercial chicken egg control; breed values retained separately. Source-group taxonomy is preserved.
DEY-BOIL-008,egg:yolk_chicken,family:egg,yolk_carrier,boiled_100C_15min,SRC-EGG-YOLK-BOIL-001,Alcohol,Alcohol,1-Heptanol,70.1,960,0.0,0.0,0.0,0.005,0.0012,AU × 10^6,HS-SPME-GC-MS; source method references prior VOC-identification procedure; LRI reported for every row,,partial_no_numeric_match_factor,no,normal_culinary_evidence,CE = commercial chicken egg control; breed values retained separately. Source-group taxonomy is preserved.
DEY-BOIL-009,egg:yolk_chicken,family:egg,yolk_carrier,boiled_100C_15min,SRC-EGG-YOLK-BOIL-001,Alcohol,Alcohol,"1-Hexanol, 2-ethyl-",57.1,1031,0.067,0.029,0.03,0.086,0.0145,AU × 10^6,HS-SPME-GC-MS; source method references prior VOC-identification procedure; LRI reported for every row,,partial_no_numeric_match_factor,yes,normal_culinary_evidence,CE = commercial chicken egg control; breed values retained separately. Source-group taxonomy is preserved.
DEY-BOIL-010,egg:yolk_chicken,family:egg,yolk_carrier,boiled_100C_15min,SRC-EGG-YOLK-BOIL-001,Alcohol,Alcohol,"1-Hexanol, 4-methyl-",70.1,960,0.0,0.0,0.005,0.0,0.0011,AU × 10^6,HS-SPME-GC-MS; source method references prior VOC-identification procedure; LRI reported for every row,,partial_no_numeric_match_factor,no,normal_culinary_evidence,CE = commercial chicken egg control; breed values retained separately. Source-group taxonomy is preserved.
DEY-BOIL-011,egg:yolk_chicken,family:egg,yolk_carrier,boiled_100C_15min,SRC-EGG-YOLK-BOIL-001,Alcohol,Nitrogen compounds,1H-Tetrazol-5-amine,43.1,571,0.11,0.278,0.206,0.019,0.0358,AU × 10^6,HS-SPME-GC-MS; source method references prior VOC-identification procedure; LRI reported for every row,,partial_no_numeric_match_factor,yes,normal_culinary_evidence,Source classifies this tetrazole amine under Alcohol; source group preserved.
DEY-BOIL-012,egg:yolk_chicken,family:egg,yolk_carrier,boiled_100C_15min,SRC-EGG-YOLK-BOIL-001,Alcohol,Alcohol,1-Nonen-4-ol,43.0,1102,0.0,0.0,0.002,0.0,0.0004,AU × 10^6,HS-SPME-GC-MS; source method references prior VOC-identification procedure; LRI reported for every row,,partial_no_numeric_match_factor,no,normal_culinary_evidence,CE = commercial chicken egg control; breed values retained separately. Source-group taxonomy is preserved.
DEY-BOIL-013,egg:yolk_chicken,family:egg,yolk_carrier,boiled_100C_15min,SRC-EGG-YOLK-BOIL-001,Alcohol,Alcohol,1-Octanol,56.0,1078,0.006,0.003,0.002,0.008,0.0012,AU × 10^6,HS-SPME-GC-MS; source method references prior VOC-identification procedure; LRI reported for every row,,partial_no_numeric_match_factor,yes,normal_culinary_evidence,CE = commercial chicken egg control; breed values retained separately. Source-group taxonomy is preserved.
DEY-BOIL-014,egg:yolk_chicken,family:egg,yolk_carrier,boiled_100C_15min,SRC-EGG-YOLK-BOIL-001,Alcohol,Alcohol,1-Octen-3-ol,57.0,970,0.443,0.411,0.266,0.529,0.0611,AU × 10^6,HS-SPME-GC-MS; source method references prior VOC-identification procedure; LRI reported for every row,,partial_no_numeric_match_factor,yes,normal_culinary_evidence,CE = commercial chicken egg control; breed values retained separately. Source-group taxonomy is preserved.
DEY-BOIL-015,egg:yolk_chicken,family:egg,yolk_carrier,boiled_100C_15min,SRC-EGG-YOLK-BOIL-001,Alcohol,Nitrogen heterocycle / ketone,1-Tetrazol-2-ylethanone,43.0,537,0.0,0.0,0.0,0.282,0.0639,AU × 10^6,HS-SPME-GC-MS; source method references prior VOC-identification procedure; LRI reported for every row,,partial_no_numeric_match_factor,no,normal_culinary_evidence,Source classifies this tetrazole ketone under Alcohol; source group preserved.
DEY-BOIL-016,egg:yolk_chicken,family:egg,yolk_carrier,boiled_100C_15min,SRC-EGG-YOLK-BOIL-001,Alcohol,Phenols,"2,6-Bis(1,1-dimethylethyl)-4-(1-oxopropyl)phenol",233.0,1642,0.026,0.015,0.017,0.013,0.0033,AU × 10^6,HS-SPME-GC-MS; source method references prior VOC-identification procedure; LRI reported for every row,,partial_no_numeric_match_factor,yes,normal_culinary_evidence,Source group Alcohol; normalized to Phenols by functional identity.
DEY-BOIL-017,egg:yolk_chicken,family:egg,yolk_carrier,boiled_100C_15min,SRC-EGG-YOLK-BOIL-001,Alcohol,Alcohol,"2-Octen-1-ol, (E)-",57.0,1074,0.013,0.01,0.004,0.009,0.0033,AU × 10^6,HS-SPME-GC-MS; source method references prior VOC-identification procedure; LRI reported for every row,,partial_no_numeric_match_factor,yes,normal_culinary_evidence,CE = commercial chicken egg control; breed values retained separately. Source-group taxonomy is preserved.
DEY-BOIL-018,egg:yolk_chicken,family:egg,yolk_carrier,boiled_100C_15min,SRC-EGG-YOLK-BOIL-001,Alcohol,Alcohol,"2-Propanol, 1-(2-butoxy-1-methylethoxy)-",59.0,1247,0.0,0.0,0.004,0.027,0.0034,AU × 10^6,HS-SPME-GC-MS; source method references prior VOC-identification procedure; LRI reported for every row,,partial_no_numeric_match_factor,no,normal_culinary_evidence,CE = commercial chicken egg control; breed values retained separately. Source-group taxonomy is preserved.
DEY-BOIL-019,egg:yolk_chicken,family:egg,yolk_carrier,boiled_100C_15min,SRC-EGG-YOLK-BOIL-001,Alcohol,Alcohol,3-Octen-1-ol,57.1,1075,0.0,0.0,0.004,0.0,0.0009,AU × 10^6,HS-SPME-GC-MS; source method references prior VOC-identification procedure; LRI reported for every row,,partial_no_numeric_match_factor,no,normal_culinary_evidence,CE = commercial chicken egg control; breed values retained separately. Source-group taxonomy is preserved.
DEY-BOIL-020,egg:yolk_chicken,family:egg,yolk_carrier,boiled_100C_15min,SRC-EGG-YOLK-BOIL-001,Alcohol,Nitrogen compounds,5H-Tetrazol-5-amine,57.1,1247,0.0,0.0,0.047,0.0,0.0174,AU × 10^6,HS-SPME-GC-MS; source method references prior VOC-identification procedure; LRI reported for every row,,partial_no_numeric_match_factor,no,normal_culinary_evidence,Source classifies this tetrazole amine under Alcohol; source group preserved.
DEY-BOIL-021,egg:yolk_chicken,family:egg,yolk_carrier,boiled_100C_15min,SRC-EGG-YOLK-BOIL-001,Alcohol,Terpenoid alcohols,dl-Menthol,71.0,1175,0.0,0.0,0.0,0.01,0.0027,AU × 10^6,HS-SPME-GC-MS; source method references prior VOC-identification procedure; LRI reported for every row,,partial_no_numeric_match_factor,no,normal_culinary_evidence,CE = commercial chicken egg control; breed values retained separately. Source-group taxonomy is preserved.
DEY-BOIL-022,egg:yolk_chicken,family:egg,yolk_carrier,boiled_100C_15min,SRC-EGG-YOLK-BOIL-001,Alcohol,Terpenoid alcohols,Levomenthol,71.1,1175,0.0,0.0,0.0,0.004,0.0011,AU × 10^6,HS-SPME-GC-MS; source method references prior VOC-identification procedure; LRI reported for every row,,partial_no_numeric_match_factor,no,normal_culinary_evidence,CE = commercial chicken egg control; breed values retained separately. Source-group taxonomy is preserved.
DEY-BOIL-023,egg:yolk_chicken,family:egg,yolk_carrier,boiled_100C_15min,SRC-EGG-YOLK-BOIL-001,Alcohol,Phenols,"Phenol, 2,4'-isopropylidenedi-",213.0,2042,0.017,0.0,0.0,0.0,0.0052,AU × 10^6,HS-SPME-GC-MS; source method references prior VOC-identification procedure; LRI reported for every row,,partial_no_numeric_match_factor,yes,normal_culinary_evidence,Source group Alcohol; normalized to Phenols.
DEY-BOIL-024,egg:yolk_chicken,family:egg,yolk_carrier,boiled_100C_15min,SRC-EGG-YOLK-BOIL-001,Aldehyde,Aldehyde,"Benzaldehyde, 4-methyl-",120.0,1070,0.0,0.001,0.0,0.0,0.0002,AU × 10^6,HS-SPME-GC-MS; source method references prior VOC-identification procedure; LRI reported for every row,,partial_no_numeric_match_factor,no,normal_culinary_evidence,CE = commercial chicken egg control; breed values retained separately. Source-group taxonomy is preserved.
DEY-BOIL-025,egg:yolk_chicken,family:egg,yolk_carrier,boiled_100C_15min,SRC-EGG-YOLK-BOIL-001,Aldehyde,Aldehyde,Benzeneacetaldehyde,91.1,1044,0.021,0.047,0.025,0.061,0.0045,AU × 10^6,HS-SPME-GC-MS; source method references prior VOC-identification procedure; LRI reported for every row,,partial_no_numeric_match_factor,yes,normal_culinary_evidence,CE = commercial chicken egg control; breed values retained separately. Source-group taxonomy is preserved.
DEY-BOIL-026,egg:yolk_chicken,family:egg,yolk_carrier,boiled_100C_15min,SRC-EGG-YOLK-BOIL-001,Aldehyde,Aldehyde,Decanal,57.0,1206,0.022,0.016,0.014,0.02,0.0016,AU × 10^6,HS-SPME-GC-MS; source method references prior VOC-identification procedure; LRI reported for every row,,partial_no_numeric_match_factor,yes,normal_culinary_evidence,CE = commercial chicken egg control; breed values retained separately. Source-group taxonomy is preserved.
DEY-BOIL-027,egg:yolk_chicken,family:egg,yolk_carrier,boiled_100C_15min,SRC-EGG-YOLK-BOIL-001,Aldehyde,Aldehyde,Hexadecanal,57.0,1817,0.006,0.002,0.005,0.013,0.0019,AU × 10^6,HS-SPME-GC-MS; source method references prior VOC-identification procedure; LRI reported for every row,,partial_no_numeric_match_factor,yes,normal_culinary_evidence,CE = commercial chicken egg control; breed values retained separately. Source-group taxonomy is preserved.
DEY-BOIL-028,egg:yolk_chicken,family:egg,yolk_carrier,boiled_100C_15min,SRC-EGG-YOLK-BOIL-001,Aldehyde,Aldehyde,"Hexanal, 5-methyl-",70.0,847,0.074,0.061,0.055,0.069,0.0039,AU × 10^6,HS-SPME-GC-MS; source method references prior VOC-identification procedure; LRI reported for every row,,partial_no_numeric_match_factor,yes,normal_culinary_evidence,CE = commercial chicken egg control; breed values retained separately. Source-group taxonomy is preserved.
DEY-BOIL-029,egg:yolk_chicken,family:egg,yolk_carrier,boiled_100C_15min,SRC-EGG-YOLK-BOIL-001,Aldehyde,Aldehyde,Nonanal,57.0,1111,0.129,0.099,0.051,0.159,0.014,AU × 10^6,HS-SPME-GC-MS; source method references prior VOC-identification procedure; LRI reported for every row,,partial_no_numeric_match_factor,yes,normal_culinary_evidence,CE = commercial chicken egg control; breed values retained separately. Source-group taxonomy is preserved.
DEY-BOIL-030,egg:yolk_chicken,family:egg,yolk_carrier,boiled_100C_15min,SRC-EGG-YOLK-BOIL-001,Aldehyde,Aldehyde,Octanal,41.1,998,0.025,0.0,0.039,0.055,0.007,AU × 10^6,HS-SPME-GC-MS; source method references prior VOC-identification procedure; LRI reported for every row,,partial_no_numeric_match_factor,yes,normal_culinary_evidence,CE = commercial chicken egg control; breed values retained separately. Source-group taxonomy is preserved.
DEY-BOIL-031,egg:yolk_chicken,family:egg,yolk_carrier,boiled_100C_15min,SRC-EGG-YOLK-BOIL-001,Aldehyde,Aldehyde,Pentadecanal,57.1,1717,0.0,0.0,0.0,0.004,0.001,AU × 10^6,HS-SPME-GC-MS; source method references prior VOC-identification procedure; LRI reported for every row,,partial_no_numeric_match_factor,no,normal_culinary_evidence,CE = commercial chicken egg control; breed values retained separately. Source-group taxonomy is preserved.
DEY-BOIL-032,egg:yolk_chicken,family:egg,yolk_carrier,boiled_100C_15min,SRC-EGG-YOLK-BOIL-001,Aldehyde,Aldehyde,"Propanal, 2,2-dimethyl-",57.1,554,4.306,5.836,6.705,1.389,0.1738,AU × 10^6,HS-SPME-GC-MS; source method references prior VOC-identification procedure; LRI reported for every row,,partial_no_numeric_match_factor,yes,normal_culinary_evidence,CE = commercial chicken egg control; breed values retained separately. Source-group taxonomy is preserved.
DEY-BOIL-033,egg:yolk_chicken,family:egg,yolk_carrier,boiled_100C_15min,SRC-EGG-YOLK-BOIL-001,Aldehyde,Aldehyde,"Propanal, 2-methyl-",43.0,542,0.568,0.0,0.0,0.0,0.1032,AU × 10^6,HS-SPME-GC-MS; source method references prior VOC-identification procedure; LRI reported for every row,,partial_no_numeric_match_factor,yes,normal_culinary_evidence,CE = commercial chicken egg control; breed values retained separately. Source-group taxonomy is preserved.
DEY-BOIL-034,egg:yolk_chicken,family:egg,yolk_carrier,boiled_100C_15min,SRC-EGG-YOLK-BOIL-001,Ester,Ester,"Arsenous acid, tris(trimethylsilyl) ester",207.0,700,5.695,6.629,9.687,7.79,0.292,AU × 10^6,HS-SPME-GC-MS; source method references prior VOC-identification procedure; LRI reported for every row,,partial_no_numeric_match_factor,yes,normal_culinary_evidence,Unusual source identity retained as reported; do not treat as a canonical culinary aroma driver without independent corroboration.
DEY-BOIL-035,egg:yolk_chicken,family:egg,yolk_carrier,boiled_100C_15min,SRC-EGG-YOLK-BOIL-001,Ester,Isothiocyanates,Benzoyl isothiocyanate,105.0,1069,0.146,0.123,0.104,0.141,0.0107,AU × 10^6,HS-SPME-GC-MS; source method references prior VOC-identification procedure; LRI reported for every row,,partial_no_numeric_match_factor,yes,normal_culinary_evidence,CE = commercial chicken egg control; breed values retained separately. Source-group taxonomy is preserved.
DEY-BOIL-036,egg:yolk_chicken,family:egg,yolk_carrier,boiled_100C_15min,SRC-EGG-YOLK-BOIL-001,Ester,Ester,"Borinic acid, diethyl-, methyl ester",43.1,585,1.013,1.981,1.861,0.483,0.0795,AU × 10^6,HS-SPME-GC-MS; source method references prior VOC-identification procedure; LRI reported for every row,,partial_no_numeric_match_factor,yes,normal_culinary_evidence,Unusual source identity retained; source group preserved.
DEY-BOIL-037,egg:yolk_chicken,family:egg,yolk_carrier,boiled_100C_15min,SRC-EGG-YOLK-BOIL-001,Ester,Ester,Butyl isocyanatoacetate,57.1,552,0.0,0.0,0.347,0.026,0.0375,AU × 10^6,HS-SPME-GC-MS; source method references prior VOC-identification procedure; LRI reported for every row,,partial_no_numeric_match_factor,no,normal_culinary_evidence,CE = commercial chicken egg control; breed values retained separately. Source-group taxonomy is preserved.
DEY-BOIL-038,egg:yolk_chicken,family:egg,yolk_carrier,boiled_100C_15min,SRC-EGG-YOLK-BOIL-001,Ester,Ester,"Butylphosphonic acid, di(2-phenylethyl) ester",104.0,819,0.0,0.022,0.0,0.0,0.0057,AU × 10^6,HS-SPME-GC-MS; source method references prior VOC-identification procedure; LRI reported for every row,,partial_no_numeric_match_factor,no,normal_culinary_evidence,CE = commercial chicken egg control; breed values retained separately. Source-group taxonomy is preserved.
DEY-BOIL-039,egg:yolk_chicken,family:egg,yolk_carrier,boiled_100C_15min,SRC-EGG-YOLK-BOIL-001,Ester,Ester,"Carbonic acid, decyl vinyl ester",57.0,1503,0.0,0.0,0.0,0.017,0.0036,AU × 10^6,HS-SPME-GC-MS; source method references prior VOC-identification procedure; LRI reported for every row,,partial_no_numeric_match_factor,no,normal_culinary_evidence,CE = commercial chicken egg control; breed values retained separately. Source-group taxonomy is preserved.
DEY-BOIL-040,egg:yolk_chicken,family:egg,yolk_carrier,boiled_100C_15min,SRC-EGG-YOLK-BOIL-001,Ester,Ester,Dibutyl phthalate,149.1,1965,0.018,0.0,0.019,0.0,0.0092,AU × 10^6,HS-SPME-GC-MS; source method references prior VOC-identification procedure; LRI reported for every row,,partial_no_numeric_match_factor,yes,present_not_flavor_relevant,"MR-17: genuinely detected sample constituent consistent with plasticizer migration; retain per-sample occurrence, exclude from flavor profiles and DF/IDF."
DEY-BOIL-041,egg:yolk_chicken,family:egg,yolk_carrier,boiled_100C_15min,SRC-EGG-YOLK-BOIL-001,Ester,Ester,Methyl salicylate,120.0,1194,0.041,0.037,0.051,0.065,0.0133,AU × 10^6,HS-SPME-GC-MS; source method references prior VOC-identification procedure; LRI reported for every row,,partial_no_numeric_match_factor,yes,normal_culinary_evidence,CE = commercial chicken egg control; breed values retained separately. Source-group taxonomy is preserved.
DEY-BOIL-042,egg:yolk_chicken,family:egg,yolk_carrier,boiled_100C_15min,SRC-EGG-YOLK-BOIL-001,Ester,Ester,n-Caproic acid vinyl ester,43.1,977,0.085,0.061,0.045,0.06,0.0148,AU × 10^6,HS-SPME-GC-MS; source method references prior VOC-identification procedure; LRI reported for every row,,partial_no_numeric_match_factor,yes,normal_culinary_evidence,CE = commercial chicken egg control; breed values retained separately. Source-group taxonomy is preserved.
DEY-BOIL-043,egg:yolk_chicken,family:egg,yolk_carrier,boiled_100C_15min,SRC-EGG-YOLK-BOIL-001,Ester,Ester,"Phthalic acid, di(2-propylpentyl) ester",149.0,2546,0.021,0.0,0.0,0.0,0.0079,AU × 10^6,HS-SPME-GC-MS; source method references prior VOC-identification procedure; LRI reported for every row,,partial_no_numeric_match_factor,yes,normal_culinary_evidence,CE = commercial chicken egg control; breed values retained separately. Source-group taxonomy is preserved.
DEY-BOIL-044,egg:yolk_chicken,family:egg,yolk_carrier,boiled_100C_15min,SRC-EGG-YOLK-BOIL-001,Hydrocarbon,Aromatic hydrocarbons,(E)-Stilbene,179.0,1710,0.002,0.0,0.0,0.0,0.0005,AU × 10^6,HS-SPME-GC-MS; source method references prior VOC-identification procedure; LRI reported for every row,,partial_no_numeric_match_factor,yes,normal_culinary_evidence,CE = commercial chicken egg control; breed values retained separately. Source-group taxonomy is preserved.
DEY-BOIL-045,egg:yolk_chicken,family:egg,yolk_carrier,boiled_100C_15min,SRC-EGG-YOLK-BOIL-001,Hydrocarbon,Isothiocyanates,"1-Butene, 4-isothiocyanato-",72.1,971,0.263,0.129,0.249,0.154,0.0286,AU × 10^6,HS-SPME-GC-MS; source method references prior VOC-identification procedure; LRI reported for every row,,partial_no_numeric_match_factor,yes,normal_culinary_evidence,Source group Hydrocarbon.
DEY-BOIL-046,egg:yolk_chicken,family:egg,yolk_carrier,boiled_100C_15min,SRC-EGG-YOLK-BOIL-001,Hydrocarbon,Hydrocarbons,1-Octadecyne,57.1,1817,0.0,0.003,0.003,0.0,0.0004,AU × 10^6,HS-SPME-GC-MS; source method references prior VOC-identification procedure; LRI reported for every row,,partial_no_numeric_match_factor,no,normal_culinary_evidence,CE = commercial chicken egg control; breed values retained separately. Source-group taxonomy is preserved.
DEY-BOIL-047,egg:yolk_chicken,family:egg,yolk_carrier,boiled_100C_15min,SRC-EGG-YOLK-BOIL-001,Hydrocarbon,Hydrocarbons,"1-Pentene, 3-methyl-",56.0,561,0.643,1.015,1.199,0.199,0.0978,AU × 10^6,HS-SPME-GC-MS; source method references prior VOC-identification procedure; LRI reported for every row,,partial_no_numeric_match_factor,yes,normal_culinary_evidence,CE = commercial chicken egg control; breed values retained separately. Source-group taxonomy is preserved.
DEY-BOIL-048,egg:yolk_chicken,family:egg,yolk_carrier,boiled_100C_15min,SRC-EGG-YOLK-BOIL-001,Hydrocarbon,Ethers,"1-Propene, 2-(1-methylethoxy)",43.0,609,0.0,0.032,0.0,0.0,0.0089,AU × 10^6,HS-SPME-GC-MS; source method references prior VOC-identification procedure; LRI reported for every row,,partial_no_numeric_match_factor,no,normal_culinary_evidence,Source group Hydrocarbon.
DEY-BOIL-049,egg:yolk_chicken,family:egg,yolk_carrier,boiled_100C_15min,SRC-EGG-YOLK-BOIL-001,Hydrocarbon,Alkanes,"2,4-Dimethyldodecane",57.0,1268,0.016,0.0,0.0,0.0,0.0023,AU × 10^6,HS-SPME-GC-MS; source method references prior VOC-identification procedure; LRI reported for every row,,partial_no_numeric_match_factor,yes,normal_culinary_evidence,CE = commercial chicken egg control; breed values retained separately. Source-group taxonomy is preserved.
DEY-BOIL-050,egg:yolk_chicken,family:egg,yolk_carrier,boiled_100C_15min,SRC-EGG-YOLK-BOIL-001,Hydrocarbon,Amines,2-Propen-1-amine,57.0,551,0.167,0.223,0.0,0.037,0.0353,AU × 10^6,HS-SPME-GC-MS; source method references prior VOC-identification procedure; LRI reported for every row,,partial_no_numeric_match_factor,yes,normal_culinary_evidence,Source group Hydrocarbon.
DEY-BOIL-051,egg:yolk_chicken,family:egg,yolk_carrier,boiled_100C_15min,SRC-EGG-YOLK-BOIL-001,Hydrocarbon,Aromatic hydrocarbons,"Benzene, 1,2,3-trimethyl-",105.0,1016,0.0,0.0,0.01,0.018,0.0033,AU × 10^6,HS-SPME-GC-MS; source method references prior VOC-identification procedure; LRI reported for every row,,partial_no_numeric_match_factor,no,normal_culinary_evidence,CE = commercial chicken egg control; breed values retained separately. Source-group taxonomy is preserved.
DEY-BOIL-052,egg:yolk_chicken,family:egg,yolk_carrier,boiled_100C_15min,SRC-EGG-YOLK-BOIL-001,Hydrocarbon,Aromatic hydrocarbons,"Benzene, 1,2,4,5-tetramethyl-",119.0,1123,0.0,0.0,0.0,0.01,0.002,AU × 10^6,HS-SPME-GC-MS; source method references prior VOC-identification procedure; LRI reported for every row,,partial_no_numeric_match_factor,no,normal_culinary_evidence,CE = commercial chicken egg control; breed values retained separately. Source-group taxonomy is preserved.
DEY-BOIL-053,egg:yolk_chicken,family:egg,yolk_carrier,boiled_100C_15min,SRC-EGG-YOLK-BOIL-001,Hydrocarbon,Aromatic hydrocarbons,"Benzene, 1,2,4-trimethyl-",105.0,981,0.004,0.007,0.023,0.037,0.0064,AU × 10^6,HS-SPME-GC-MS; source method references prior VOC-identification procedure; LRI reported for every row,,partial_no_numeric_match_factor,yes,normal_culinary_evidence,CE = commercial chicken egg control; breed values retained separately. Source-group taxonomy is preserved.
DEY-BOIL-054,egg:yolk_chicken,family:egg,yolk_carrier,boiled_100C_15min,SRC-EGG-YOLK-BOIL-001,Hydrocarbon,Aromatic hydrocarbons,"Benzene, 1,3-bis(1,1-dimethylethyl)-",175.1,1258,0.129,0.11,0.062,0.038,0.0083,AU × 10^6,HS-SPME-GC-MS; source method references prior VOC-identification procedure; LRI reported for every row,,partial_no_numeric_match_factor,yes,normal_culinary_evidence,CE = commercial chicken egg control; breed values retained separately. Source-group taxonomy is preserved.
DEY-BOIL-055,egg:yolk_chicken,family:egg,yolk_carrier,boiled_100C_15min,SRC-EGG-YOLK-BOIL-001,Hydrocarbon,Halogenated aromatics,"Benzene, 1,3-dichloro-",146.0,1029,0.0,0.035,0.0,0.0,0.0093,AU × 10^6,HS-SPME-GC-MS; source method references prior VOC-identification procedure; LRI reported for every row,,partial_no_numeric_match_factor,no,normal_culinary_evidence,CE = commercial chicken egg control; breed values retained separately. Source-group taxonomy is preserved.
DEY-BOIL-056,egg:yolk_chicken,family:egg,yolk_carrier,boiled_100C_15min,SRC-EGG-YOLK-BOIL-001,Hydrocarbon,Aromatic hydrocarbons,"Benzene, 1-ethyl-2-methyl-",105.0,963,0.0,0.0,0.0,0.006,0.0014,AU × 10^6,HS-SPME-GC-MS; source method references prior VOC-identification procedure; LRI reported for every row,,partial_no_numeric_match_factor,no,normal_culinary_evidence,CE = commercial chicken egg control; breed values retained separately. Source-group taxonomy is preserved.
DEY-BOIL-057,egg:yolk_chicken,family:egg,yolk_carrier,boiled_100C_15min,SRC-EGG-YOLK-BOIL-001,Hydrocarbon,Isonitriles,"Butane, 1-isocyano-",41.1,537,0.03,0.044,0.029,0.015,0.0049,AU × 10^6,HS-SPME-GC-MS; source method references prior VOC-identification procedure; LRI reported for every row,,partial_no_numeric_match_factor,yes,normal_culinary_evidence,Source group Hydrocarbon.
DEY-BOIL-058,egg:yolk_chicken,family:egg,yolk_carrier,boiled_100C_15min,SRC-EGG-YOLK-BOIL-001,Hydrocarbon,Cycloalkanes,"Cyclopentane, 1,2-dimethyl-, cis-",43.0,724,0.017,0.013,0.0,0.0,0.0021,AU × 10^6,HS-SPME-GC-MS; source method references prior VOC-identification procedure; LRI reported for every row,,partial_no_numeric_match_factor,yes,normal_culinary_evidence,CE = commercial chicken egg control; breed values retained separately. Source-group taxonomy is preserved.
DEY-BOIL-059,egg:yolk_chicken,family:egg,yolk_carrier,boiled_100C_15min,SRC-EGG-YOLK-BOIL-001,Hydrocarbon,Cycloalkanes,"Cyclopentane, 1-hexyl-3-methyl-",83.0,1192,0.01,0.008,0.05,0.0,0.0224,AU × 10^6,HS-SPME-GC-MS; source method references prior VOC-identification procedure; LRI reported for every row,,partial_no_numeric_match_factor,yes,normal_culinary_evidence,CE = commercial chicken egg control; breed values retained separately. Source-group taxonomy is preserved.
DEY-BOIL-060,egg:yolk_chicken,family:egg,yolk_carrier,boiled_100C_15min,SRC-EGG-YOLK-BOIL-001,Hydrocarbon,Cycloalkanes,Cyclotetradecane,57.0,1694,0.0,0.0,0.0,0.004,0.0008,AU × 10^6,HS-SPME-GC-MS; source method references prior VOC-identification procedure; LRI reported for every row,,partial_no_numeric_match_factor,no,normal_culinary_evidence,CE = commercial chicken egg control; breed values retained separately. Source-group taxonomy is preserved.
DEY-BOIL-061,egg:yolk_chicken,family:egg,yolk_carrier,boiled_100C_15min,SRC-EGG-YOLK-BOIL-001,Hydrocarbon,Siloxanes,"Cyclotetrasiloxane, octamethyl-",281.1,1004,15.258,18.076,17.966,11.31,1.1159,AU × 10^6,HS-SPME-GC-MS; source method references prior VOC-identification procedure; LRI reported for every row,,partial_no_numeric_match_factor,yes,analytical_background,MR-17: method/column artifact. Preserve the raw source row; suppress corpus-wide from flavor profiles and DF/IDF.
DEY-BOIL-062,egg:yolk_chicken,family:egg,yolk_carrier,boiled_100C_15min,SRC-EGG-YOLK-BOIL-001,Hydrocarbon,Alkanes,Decane,57.0,995,0.825,0.592,0.46,0.442,0.0644,AU × 10^6,HS-SPME-GC-MS; source method references prior VOC-identification procedure; LRI reported for every row,,partial_no_numeric_match_factor,yes,normal_culinary_evidence,CE = commercial chicken egg control; breed values retained separately. Source-group taxonomy is preserved.
DEY-BOIL-063,egg:yolk_chicken,family:egg,yolk_carrier,boiled_100C_15min,SRC-EGG-YOLK-BOIL-001,Hydrocarbon,Alkanes,"Decane, 2,4-dimethyl-",71.1,1109,0.034,0.023,0.016,0.02,0.0055,AU × 10^6,HS-SPME-GC-MS; source method references prior VOC-identification procedure; LRI reported for every row,,partial_no_numeric_match_factor,yes,normal_culinary_evidence,CE = commercial chicken egg control; breed values retained separately. Source-group taxonomy is preserved.
DEY-BOIL-064,egg:yolk_chicken,family:egg,yolk_carrier,boiled_100C_15min,SRC-EGG-YOLK-BOIL-001,Hydrocarbon,Alkanes,"Decane, 2-methyl-",57.0,1062,0.106,0.13,0.103,0.054,0.0307,AU × 10^6,HS-SPME-GC-MS; source method references prior VOC-identification procedure; LRI reported for every row,,partial_no_numeric_match_factor,yes,normal_culinary_evidence,CE = commercial chicken egg control; breed values retained separately. Source-group taxonomy is preserved.
DEY-BOIL-065,egg:yolk_chicken,family:egg,yolk_carrier,boiled_100C_15min,SRC-EGG-YOLK-BOIL-001,Hydrocarbon,Alkanes,"Decane, 3-methyl-",71.1,1068,0.186,0.078,0.109,0.05,0.0268,AU × 10^6,HS-SPME-GC-MS; source method references prior VOC-identification procedure; LRI reported for every row,,partial_no_numeric_match_factor,yes,normal_culinary_evidence,CE = commercial chicken egg control; breed values retained separately. Source-group taxonomy is preserved.
DEY-BOIL-066,egg:yolk_chicken,family:egg,yolk_carrier,boiled_100C_15min,SRC-EGG-YOLK-BOIL-001,Hydrocarbon,Alkanes,"Decane, 4-methyl-",71.0,1065,0.037,0.04,0.018,0.031,0.0061,AU × 10^6,HS-SPME-GC-MS; source method references prior VOC-identification procedure; LRI reported for every row,,partial_no_numeric_match_factor,yes,normal_culinary_evidence,CE = commercial chicken egg control; breed values retained separately. Source-group taxonomy is preserved.
DEY-BOIL-067,egg:yolk_chicken,family:egg,yolk_carrier,boiled_100C_15min,SRC-EGG-YOLK-BOIL-001,Hydrocarbon,Terpenes,D-Limonene,68.0,1026,0.0,0.0,0.005,0.006,0.0019,AU × 10^6,HS-SPME-GC-MS; source method references prior VOC-identification procedure; LRI reported for every row,,partial_no_numeric_match_factor,no,normal_culinary_evidence,CE = commercial chicken egg control; breed values retained separately. Source-group taxonomy is preserved.
DEY-BOIL-068,egg:yolk_chicken,family:egg,yolk_carrier,boiled_100C_15min,SRC-EGG-YOLK-BOIL-001,Hydrocarbon,Alkanes,Dodecane,57.0,1200,0.125,0.105,0.071,0.166,0.0166,AU × 10^6,HS-SPME-GC-MS; source method references prior VOC-identification procedure; LRI reported for every row,,partial_no_numeric_match_factor,yes,normal_culinary_evidence,CE = commercial chicken egg control; breed values retained separately. Source-group taxonomy is preserved.
DEY-BOIL-069,egg:yolk_chicken,family:egg,yolk_carrier,boiled_100C_15min,SRC-EGG-YOLK-BOIL-001,Hydrocarbon,Alkanes,"Dodecane, 2,6,11-trimethyl-",71.1,1285,0.029,0.021,0.011,0.018,0.0025,AU × 10^6,HS-SPME-GC-MS; source method references prior VOC-identification procedure; LRI reported for every row,,partial_no_numeric_match_factor,yes,normal_culinary_evidence,CE = commercial chicken egg control; breed values retained separately. Source-group taxonomy is preserved.
DEY-BOIL-070,egg:yolk_chicken,family:egg,yolk_carrier,boiled_100C_15min,SRC-EGG-YOLK-BOIL-001,Hydrocarbon,Alkanes,"Dodecane, 2,7,10-trimethyl-",71.1,1331,0.008,0.008,0.01,0.008,0.0041,AU × 10^6,HS-SPME-GC-MS; source method references prior VOC-identification procedure; LRI reported for every row,,partial_no_numeric_match_factor,yes,normal_culinary_evidence,CE = commercial chicken egg control; breed values retained separately. Source-group taxonomy is preserved.
DEY-BOIL-071,egg:yolk_chicken,family:egg,yolk_carrier,boiled_100C_15min,SRC-EGG-YOLK-BOIL-001,Hydrocarbon,Alkanes,"Dodecane, 4,6-dimethyl-",71.1,1330,0.004,0.0,0.004,0.0,0.0013,AU × 10^6,HS-SPME-GC-MS; source method references prior VOC-identification procedure; LRI reported for every row,,partial_no_numeric_match_factor,yes,normal_culinary_evidence,CE = commercial chicken egg control; breed values retained separately. Source-group taxonomy is preserved.
DEY-BOIL-072,egg:yolk_chicken,family:egg,yolk_carrier,boiled_100C_15min,SRC-EGG-YOLK-BOIL-001,Hydrocarbon,Alkanes,"Dodecane, 4-methyl-",57.1,1268,0.015,0.008,0.003,0.0,0.0026,AU × 10^6,HS-SPME-GC-MS; source method references prior VOC-identification procedure; LRI reported for every row,,partial_no_numeric_match_factor,yes,normal_culinary_evidence,CE = commercial chicken egg control; breed values retained separately. Source-group taxonomy is preserved.
DEY-BOIL-073,egg:yolk_chicken,family:egg,yolk_carrier,boiled_100C_15min,SRC-EGG-YOLK-BOIL-001,Hydrocarbon,Alkanes,"Dodecane, 5-methyl-",57.1,1253,0.009,0.008,0.009,0.008,0.0026,AU × 10^6,HS-SPME-GC-MS; source method references prior VOC-identification procedure; LRI reported for every row,,partial_no_numeric_match_factor,yes,normal_culinary_evidence,CE = commercial chicken egg control; breed values retained separately. Source-group taxonomy is preserved.
DEY-BOIL-074,egg:yolk_chicken,family:egg,yolk_carrier,boiled_100C_15min,SRC-EGG-YOLK-BOIL-001,Hydrocarbon,Alkanes,Heptadecane,57.0,1702,0.006,0.007,0.01,0.032,0.005,AU × 10^6,HS-SPME-GC-MS; source method references prior VOC-identification procedure; LRI reported for every row,,partial_no_numeric_match_factor,yes,normal_culinary_evidence,CE = commercial chicken egg control; breed values retained separately. Source-group taxonomy is preserved.
DEY-BOIL-075,egg:yolk_chicken,family:egg,yolk_carrier,boiled_100C_15min,SRC-EGG-YOLK-BOIL-001,Hydrocarbon,Alkanes,"Heptane, 2,3,4-trimethyl-",57.0,944,0.052,0.049,0.028,0.03,0.0057,AU × 10^6,HS-SPME-GC-MS; source method references prior VOC-identification procedure; LRI reported for every row,,partial_no_numeric_match_factor,yes,normal_culinary_evidence,CE = commercial chicken egg control; breed values retained separately. Source-group taxonomy is preserved.
DEY-BOIL-076,egg:yolk_chicken,family:egg,yolk_carrier,boiled_100C_15min,SRC-EGG-YOLK-BOIL-001,Hydrocarbon,Alkanes,"Heptane, 2,5,5-trimethyl-",57.0,901,0.013,0.017,0.017,0.01,0.0032,AU × 10^6,HS-SPME-GC-MS; source method references prior VOC-identification procedure; LRI reported for every row,,partial_no_numeric_match_factor,yes,normal_culinary_evidence,CE = commercial chicken egg control; breed values retained separately. Source-group taxonomy is preserved.
DEY-BOIL-077,egg:yolk_chicken,family:egg,yolk_carrier,boiled_100C_15min,SRC-EGG-YOLK-BOIL-001,Hydrocarbon,Alkanes,"Heptane, 3,4,5-trimethyl-",43.0,941,0.042,0.024,0.033,0.01,0.0057,AU × 10^6,HS-SPME-GC-MS; source method references prior VOC-identification procedure; LRI reported for every row,,partial_no_numeric_match_factor,yes,normal_culinary_evidence,CE = commercial chicken egg control; breed values retained separately. Source-group taxonomy is preserved.
DEY-BOIL-078,egg:yolk_chicken,family:egg,yolk_carrier,boiled_100C_15min,SRC-EGG-YOLK-BOIL-001,Hydrocarbon,Alkanes,"Heptane, 3,4-dimethyl-",57.1,844,0.022,0.014,0.021,0.04,0.0084,AU × 10^6,HS-SPME-GC-MS; source method references prior VOC-identification procedure; LRI reported for every row,,partial_no_numeric_match_factor,yes,normal_culinary_evidence,CE = commercial chicken egg control; breed values retained separately. Source-group taxonomy is preserved.
DEY-BOIL-079,egg:yolk_chicken,family:egg,yolk_carrier,boiled_100C_15min,SRC-EGG-YOLK-BOIL-001,Hydrocarbon,Alkanes,"Heptane, 4-ethyl-",43.0,844,0.023,0.017,0.009,0.0,0.0052,AU × 10^6,HS-SPME-GC-MS; source method references prior VOC-identification procedure; LRI reported for every row,,partial_no_numeric_match_factor,yes,normal_culinary_evidence,CE = commercial chicken egg control; breed values retained separately. Source-group taxonomy is preserved.
DEY-BOIL-080,egg:yolk_chicken,family:egg,yolk_carrier,boiled_100C_15min,SRC-EGG-YOLK-BOIL-001,Hydrocarbon,Alkanes,Hexadecane,71.1,1600,0.0,0.0,0.013,0.035,0.0023,AU × 10^6,HS-SPME-GC-MS; source method references prior VOC-identification procedure; LRI reported for every row,,partial_no_numeric_match_factor,no,normal_culinary_evidence,CE = commercial chicken egg control; breed values retained separately. Source-group taxonomy is preserved.
DEY-BOIL-081,egg:yolk_chicken,family:egg,yolk_carrier,boiled_100C_15min,SRC-EGG-YOLK-BOIL-001,Hydrocarbon,Alkanes,"Hexane, 3,3-dimethyl-",43.0,751,0.033,0.04,0.026,0.0,0.0035,AU × 10^6,HS-SPME-GC-MS; source method references prior VOC-identification procedure; LRI reported for every row,,partial_no_numeric_match_factor,yes,normal_culinary_evidence,CE = commercial chicken egg control; breed values retained separately. Source-group taxonomy is preserved.
DEY-BOIL-082,egg:yolk_chicken,family:egg,yolk_carrier,boiled_100C_15min,SRC-EGG-YOLK-BOIL-001,Hydrocarbon,Alkanes,"Hexane, 3-ethyl-",43.1,768,0.681,0.688,0.441,0.289,0.0323,AU × 10^6,HS-SPME-GC-MS; source method references prior VOC-identification procedure; LRI reported for every row,,partial_no_numeric_match_factor,yes,normal_culinary_evidence,CE = commercial chicken egg control; breed values retained separately. Source-group taxonomy is preserved.
DEY-BOIL-083,egg:yolk_chicken,family:egg,yolk_carrier,boiled_100C_15min,SRC-EGG-YOLK-BOIL-001,Hydrocarbon,Alkanes,"Hexane, 3-ethyl-2,5-dimethyl-",57.1,887,0.012,0.015,0.009,0.004,0.0023,AU × 10^6,HS-SPME-GC-MS; source method references prior VOC-identification procedure; LRI reported for every row,,partial_no_numeric_match_factor,yes,normal_culinary_evidence,CE = commercial chicken egg control; breed values retained separately. Source-group taxonomy is preserved.
DEY-BOIL-084,egg:yolk_chicken,family:egg,yolk_carrier,boiled_100C_15min,SRC-EGG-YOLK-BOIL-001,Hydrocarbon,Nitrogen heterocycles,Indole,117.0,1298,0.077,0.0,0.0,0.0,0.0217,AU × 10^6,HS-SPME-GC-MS; source method references prior VOC-identification procedure; LRI reported for every row,,partial_no_numeric_match_factor,yes,normal_culinary_evidence,Source group Hydrocarbon.
DEY-BOIL-085,egg:yolk_chicken,family:egg,yolk_carrier,boiled_100C_15min,SRC-EGG-YOLK-BOIL-001,Hydrocarbon,Halogenated nitrogen compounds,"Methane, dichloronitro-",83.0,557,0.048,0.376,0.238,0.155,0.0389,AU × 10^6,HS-SPME-GC-MS; source method references prior VOC-identification procedure; LRI reported for every row,,partial_no_numeric_match_factor,yes,normal_culinary_evidence,Source group Hydrocarbon.
DEY-BOIL-086,egg:yolk_chicken,family:egg,yolk_carrier,boiled_100C_15min,SRC-EGG-YOLK-BOIL-001,Hydrocarbon,Alkanes,Nonane,57.0,894,0.016,0.023,0.007,0.007,0.0037,AU × 10^6,HS-SPME-GC-MS; source method references prior VOC-identification procedure; LRI reported for every row,,partial_no_numeric_match_factor,yes,normal_culinary_evidence,CE = commercial chicken egg control; breed values retained separately. Source-group taxonomy is preserved.
DEY-BOIL-087,egg:yolk_chicken,family:egg,yolk_carrier,boiled_100C_15min,SRC-EGG-YOLK-BOIL-001,Hydrocarbon,Alkanes,"Nonane, 2,3-dimethyl-",71.1,1065,0.027,0.0,0.0,0.0,0.0056,AU × 10^6,HS-SPME-GC-MS; source method references prior VOC-identification procedure; LRI reported for every row,,partial_no_numeric_match_factor,yes,normal_culinary_evidence,CE = commercial chicken egg control; breed values retained separately. Source-group taxonomy is preserved.
DEY-BOIL-088,egg:yolk_chicken,family:egg,yolk_carrier,boiled_100C_15min,SRC-EGG-YOLK-BOIL-001,Hydrocarbon,Alkanes,"Nonane, 2,5-dimethyl-",57.0,1012,0.113,0.12,0.057,0.053,0.0068,AU × 10^6,HS-SPME-GC-MS; source method references prior VOC-identification procedure; LRI reported for every row,,partial_no_numeric_match_factor,yes,normal_culinary_evidence,CE = commercial chicken egg control; breed values retained separately. Source-group taxonomy is preserved.
DEY-BOIL-089,egg:yolk_chicken,family:egg,yolk_carrier,boiled_100C_15min,SRC-EGG-YOLK-BOIL-001,Hydrocarbon,Alkanes,"Nonane, 2,6-dimethyl-",71.0,1022,0.21,0.137,0.105,0.085,0.0148,AU × 10^6,HS-SPME-GC-MS; source method references prior VOC-identification procedure; LRI reported for every row,,partial_no_numeric_match_factor,yes,normal_culinary_evidence,CE = commercial chicken egg control; breed values retained separately. Source-group taxonomy is preserved.
DEY-BOIL-090,egg:yolk_chicken,family:egg,yolk_carrier,boiled_100C_15min,SRC-EGG-YOLK-BOIL-001,Hydrocarbon,Alkanes,"Nonane, 3,7-dimethyl-",57.0,1034,0.0,0.006,0.01,0.0,0.0039,AU × 10^6,HS-SPME-GC-MS; source method references prior VOC-identification procedure; LRI reported for every row,,partial_no_numeric_match_factor,no,normal_culinary_evidence,CE = commercial chicken egg control; breed values retained separately. Source-group taxonomy is preserved.
DEY-BOIL-091,egg:yolk_chicken,family:egg,yolk_carrier,boiled_100C_15min,SRC-EGG-YOLK-BOIL-001,Hydrocarbon,Alkanes,"Nonane, 3-methyl-",57.1,956,0.016,0.009,0.02,0.013,0.0062,AU × 10^6,HS-SPME-GC-MS; source method references prior VOC-identification procedure; LRI reported for every row,,partial_no_numeric_match_factor,yes,normal_culinary_evidence,CE = commercial chicken egg control; breed values retained separately. Source-group taxonomy is preserved.
DEY-BOIL-092,egg:yolk_chicken,family:egg,yolk_carrier,boiled_100C_15min,SRC-EGG-YOLK-BOIL-001,Hydrocarbon,Alkanes,"Nonane, 4-methyl-",57.0,947,0.068,0.062,0.04,0.0,0.0166,AU × 10^6,HS-SPME-GC-MS; source method references prior VOC-identification procedure; LRI reported for every row,,partial_no_numeric_match_factor,yes,normal_culinary_evidence,CE = commercial chicken egg control; breed values retained separately. Source-group taxonomy is preserved.
DEY-BOIL-093,egg:yolk_chicken,family:egg,yolk_carrier,boiled_100C_15min,SRC-EGG-YOLK-BOIL-001,Hydrocarbon,Alkanes,"Octane, 2,3,6-trimethyl-",71.0,1058,0.0,0.003,0.0,0.0,0.0007,AU × 10^6,HS-SPME-GC-MS; source method references prior VOC-identification procedure; LRI reported for every row,,partial_no_numeric_match_factor,no,normal_culinary_evidence,CE = commercial chicken egg control; breed values retained separately. Source-group taxonomy is preserved.
DEY-BOIL-094,egg:yolk_chicken,family:egg,yolk_carrier,boiled_100C_15min,SRC-EGG-YOLK-BOIL-001,Hydrocarbon,Alkanes,"Octane, 2,3-dimethyl-",57.1,948,0.0,0.0,0.03,0.013,0.0068,AU × 10^6,HS-SPME-GC-MS; source method references prior VOC-identification procedure; LRI reported for every row,,partial_no_numeric_match_factor,no,normal_culinary_evidence,CE = commercial chicken egg control; breed values retained separately. Source-group taxonomy is preserved.
DEY-BOIL-095,egg:yolk_chicken,family:egg,yolk_carrier,boiled_100C_15min,SRC-EGG-YOLK-BOIL-001,Hydrocarbon,Alkanes,"Octane, 2,4,6-trimethyl-",57.0,964,0.098,0.078,0.051,0.058,0.0071,AU × 10^6,HS-SPME-GC-MS; source method references prior VOC-identification procedure; LRI reported for every row,,partial_no_numeric_match_factor,yes,normal_culinary_evidence,CE = commercial chicken egg control; breed values retained separately. Source-group taxonomy is preserved.
DEY-BOIL-096,egg:yolk_chicken,family:egg,yolk_carrier,boiled_100C_15min,SRC-EGG-YOLK-BOIL-001,Hydrocarbon,Epoxides,"Oxirane, 2-methyl-3-propyl-, trans-",43.1,665,1.757,1.042,1.399,0.503,0.4296,AU × 10^6,HS-SPME-GC-MS; source method references prior VOC-identification procedure; LRI reported for every row,,partial_no_numeric_match_factor,yes,normal_culinary_evidence,Source group Hydrocarbon.
DEY-BOIL-097,egg:yolk_chicken,family:egg,yolk_carrier,boiled_100C_15min,SRC-EGG-YOLK-BOIL-001,Hydrocarbon,Alkanes,Pentadecane,57.1,1503,0.01,0.011,0.171,0.026,0.0799,AU × 10^6,HS-SPME-GC-MS; source method references prior VOC-identification procedure; LRI reported for every row,,partial_no_numeric_match_factor,yes,normal_culinary_evidence,CE = commercial chicken egg control; breed values retained separately. Source-group taxonomy is preserved.
DEY-BOIL-098,egg:yolk_chicken,family:egg,yolk_carrier,boiled_100C_15min,SRC-EGG-YOLK-BOIL-001,Hydrocarbon,Alkanes,"Pentane, 2,3,3,4-tetramethyl-",43.1,875,0.005,0.007,0.002,0.0,0.0013,AU × 10^6,HS-SPME-GC-MS; source method references prior VOC-identification procedure; LRI reported for every row,,partial_no_numeric_match_factor,yes,normal_culinary_evidence,CE = commercial chicken egg control; breed values retained separately. Source-group taxonomy is preserved.
DEY-BOIL-099,egg:yolk_chicken,family:egg,yolk_carrier,boiled_100C_15min,SRC-EGG-YOLK-BOIL-001,Hydrocarbon,Alkanes,"Pentane, 2,3-dimethyl-",56.0,664,1.518,0.83,1.129,0.832,0.3814,AU × 10^6,HS-SPME-GC-MS; source method references prior VOC-identification procedure; LRI reported for every row,,partial_no_numeric_match_factor,yes,normal_culinary_evidence,CE = commercial chicken egg control; breed values retained separately. Source-group taxonomy is preserved.
DEY-BOIL-100,egg:yolk_chicken,family:egg,yolk_carrier,boiled_100C_15min,SRC-EGG-YOLK-BOIL-001,Hydrocarbon,Alkanes,"Pentane, 3-methyl-",43.0,585,0.172,1.38,0.939,0.048,0.4193,AU × 10^6,HS-SPME-GC-MS; source method references prior VOC-identification procedure; LRI reported for every row,,partial_no_numeric_match_factor,yes,normal_culinary_evidence,CE = commercial chicken egg control; breed values retained separately. Source-group taxonomy is preserved.
DEY-BOIL-101,egg:yolk_chicken,family:egg,yolk_carrier,boiled_100C_15min,SRC-EGG-YOLK-BOIL-001,Hydrocarbon,Alkanes,Tetradecane,57.0,1400,0.032,0.018,0.012,0.038,0.0081,AU × 10^6,HS-SPME-GC-MS; source method references prior VOC-identification procedure; LRI reported for every row,,partial_no_numeric_match_factor,yes,normal_culinary_evidence,CE = commercial chicken egg control; breed values retained separately. Source-group taxonomy is preserved.
DEY-BOIL-102,egg:yolk_chicken,family:egg,yolk_carrier,boiled_100C_15min,SRC-EGG-YOLK-BOIL-001,Hydrocarbon,Alkanes,Tridecane,71.0,1299,0.021,0.016,0.014,0.03,0.0024,AU × 10^6,HS-SPME-GC-MS; source method references prior VOC-identification procedure; LRI reported for every row,,partial_no_numeric_match_factor,yes,normal_culinary_evidence,CE = commercial chicken egg control; breed values retained separately. Source-group taxonomy is preserved.
DEY-BOIL-103,egg:yolk_chicken,family:egg,yolk_carrier,boiled_100C_15min,SRC-EGG-YOLK-BOIL-001,Hydrocarbon,Alkanes,"Tridecane, 5-methyl-",57.1,1357,0.0,0.0,0.0,0.002,0.0005,AU × 10^6,HS-SPME-GC-MS; source method references prior VOC-identification procedure; LRI reported for every row,,partial_no_numeric_match_factor,no,normal_culinary_evidence,CE = commercial chicken egg control; breed values retained separately. Source-group taxonomy is preserved.
DEY-BOIL-104,egg:yolk_chicken,family:egg,yolk_carrier,boiled_100C_15min,SRC-EGG-YOLK-BOIL-001,Hydrocarbon,Alkanes,Undecane,57.0,1106,0.012,0.009,0.007,0.035,0.0055,AU × 10^6,HS-SPME-GC-MS; source method references prior VOC-identification procedure; LRI reported for every row,,partial_no_numeric_match_factor,yes,normal_culinary_evidence,CE = commercial chicken egg control; breed values retained separately. Source-group taxonomy is preserved.
DEY-BOIL-105,egg:yolk_chicken,family:egg,yolk_carrier,boiled_100C_15min,SRC-EGG-YOLK-BOIL-001,Hydrocarbon,Alkanes,"Undecane, 2,4-dimethyl-",85.0,1212,0.009,0.002,0.0,0.002,0.0021,AU × 10^6,HS-SPME-GC-MS; source method references prior VOC-identification procedure; LRI reported for every row,,partial_no_numeric_match_factor,yes,normal_culinary_evidence,CE = commercial chicken egg control; breed values retained separately. Source-group taxonomy is preserved.
DEY-BOIL-106,egg:yolk_chicken,family:egg,yolk_carrier,boiled_100C_15min,SRC-EGG-YOLK-BOIL-001,Hydrocarbon,Alkanes,"Undecane, 2,6-dimethyl-",57.0,1215,0.025,0.02,0.017,0.02,0.0032,AU × 10^6,HS-SPME-GC-MS; source method references prior VOC-identification procedure; LRI reported for every row,,partial_no_numeric_match_factor,yes,normal_culinary_evidence,CE = commercial chicken egg control; breed values retained separately. Source-group taxonomy is preserved.
DEY-BOIL-107,egg:yolk_chicken,family:egg,yolk_carrier,boiled_100C_15min,SRC-EGG-YOLK-BOIL-001,Hydrocarbon,Alkanes,"Undecane, 2,8-dimethyl-",71.0,1224,0.021,0.008,0.005,0.006,0.0049,AU × 10^6,HS-SPME-GC-MS; source method references prior VOC-identification procedure; LRI reported for every row,,partial_no_numeric_match_factor,yes,normal_culinary_evidence,CE = commercial chicken egg control; breed values retained separately. Source-group taxonomy is preserved.
DEY-BOIL-108,egg:yolk_chicken,family:egg,yolk_carrier,boiled_100C_15min,SRC-EGG-YOLK-BOIL-001,Hydrocarbon,Alkanes,"Undecane, 2-methyl-",57.1,1168,0.013,0.012,0.008,0.011,0.0015,AU × 10^6,HS-SPME-GC-MS; source method references prior VOC-identification procedure; LRI reported for every row,,partial_no_numeric_match_factor,yes,normal_culinary_evidence,CE = commercial chicken egg control; breed values retained separately. Source-group taxonomy is preserved.
DEY-BOIL-109,egg:yolk_chicken,family:egg,yolk_carrier,boiled_100C_15min,SRC-EGG-YOLK-BOIL-001,Hydrocarbon,Alkanes,"Undecane, 3-methyl-",57.1,1174,0.004,0.006,0.004,0.004,0.0011,AU × 10^6,HS-SPME-GC-MS; source method references prior VOC-identification procedure; LRI reported for every row,,partial_no_numeric_match_factor,yes,normal_culinary_evidence,CE = commercial chicken egg control; breed values retained separately. Source-group taxonomy is preserved.
DEY-BOIL-110,egg:yolk_chicken,family:egg,yolk_carrier,boiled_100C_15min,SRC-EGG-YOLK-BOIL-001,Hydrocarbon,Alkanes,"Undecane, 4,4-dimethyl-",85.1,1219,0.005,0.004,0.001,0.0,0.0009,AU × 10^6,HS-SPME-GC-MS; source method references prior VOC-identification procedure; LRI reported for every row,,partial_no_numeric_match_factor,yes,normal_culinary_evidence,CE = commercial chicken egg control; breed values retained separately. Source-group taxonomy is preserved.
DEY-BOIL-111,egg:yolk_chicken,family:egg,yolk_carrier,boiled_100C_15min,SRC-EGG-YOLK-BOIL-001,Hydrocarbon,Alkanes,"Undecane, 4-ethyl-",57.0,1247,0.0,0.005,0.0,0.0,0.0008,AU × 10^6,HS-SPME-GC-MS; source method references prior VOC-identification procedure; LRI reported for every row,,partial_no_numeric_match_factor,no,normal_culinary_evidence,CE = commercial chicken egg control; breed values retained separately. Source-group taxonomy is preserved.
DEY-BOIL-112,egg:yolk_chicken,family:egg,yolk_carrier,boiled_100C_15min,SRC-EGG-YOLK-BOIL-001,Hydrocarbon,Alkanes,"Undecane, 5-methyl-",57.0,1160,0.012,0.011,0.008,0.009,0.0015,AU × 10^6,HS-SPME-GC-MS; source method references prior VOC-identification procedure; LRI reported for every row,,partial_no_numeric_match_factor,yes,normal_culinary_evidence,CE = commercial chicken egg control; breed values retained separately. Source-group taxonomy is preserved.
DEY-BOIL-113,egg:yolk_chicken,family:egg,yolk_carrier,boiled_100C_15min,SRC-EGG-YOLK-BOIL-001,Ketone,Ketone,(+)-2-Bornanone,95.0,1148,0.0,0.0,0.0,0.003,0.0009,AU × 10^6,HS-SPME-GC-MS; source method references prior VOC-identification procedure; LRI reported for every row,,partial_no_numeric_match_factor,no,normal_culinary_evidence,CE = commercial chicken egg control; breed values retained separately. Source-group taxonomy is preserved.
DEY-BOIL-114,egg:yolk_chicken,family:egg,yolk_carrier,boiled_100C_15min,SRC-EGG-YOLK-BOIL-001,Ketone,Ketone,"2,3-Butanedione",43.1,581,0.046,0.068,0.0,0.035,0.0191,AU × 10^6,HS-SPME-GC-MS; source method references prior VOC-identification procedure; LRI reported for every row,,partial_no_numeric_match_factor,yes,normal_culinary_evidence,CE = commercial chicken egg control; breed values retained separately. Source-group taxonomy is preserved.
DEY-BOIL-115,egg:yolk_chicken,family:egg,yolk_carrier,boiled_100C_15min,SRC-EGG-YOLK-BOIL-001,Ketone,Ketone,2-Octanone,43.1,985,0.0,0.0,0.005,0.007,0.0018,AU × 10^6,HS-SPME-GC-MS; source method references prior VOC-identification procedure; LRI reported for every row,,partial_no_numeric_match_factor,no,normal_culinary_evidence,CE = commercial chicken egg control; breed values retained separately. Source-group taxonomy is preserved.
DEY-BOIL-116,egg:yolk_chicken,family:egg,yolk_carrier,boiled_100C_15min,SRC-EGG-YOLK-BOIL-001,Sulfur compound,Sulfur compounds,"2-Ethylthiolane, S,S-dioxide",55.0,975,0.12,0.135,0.132,0.02,0.0278,AU × 10^6,HS-SPME-GC-MS; source method references prior VOC-identification procedure; LRI reported for every row,,partial_no_numeric_match_factor,yes,normal_culinary_evidence,CE = commercial chicken egg control; breed values retained separately. Source-group taxonomy is preserved.
DEY-BOIL-117,egg:yolk_chicken,family:egg,yolk_carrier,boiled_100C_15min,SRC-EGG-YOLK-BOIL-001,Sulfur compound,Sulfur compounds,Carbon disulfide,76.0,546,0.267,0.088,0.527,0.192,0.0446,AU × 10^6,HS-SPME-GC-MS; source method references prior VOC-identification procedure; LRI reported for every row,,partial_no_numeric_match_factor,yes,normal_culinary_evidence,CE = commercial chicken egg control; breed values retained separately. Source-group taxonomy is preserved.
DEY-BOIL-118,egg:yolk_chicken,family:egg,yolk_carrier,boiled_100C_15min,SRC-EGG-YOLK-BOIL-001,Sulfur compound,Sulfur compounds,Cyclic octaatomic sulfur,64.0,2033,0.007,0.0,0.022,0.006,0.0022,AU × 10^6,HS-SPME-GC-MS; source method references prior VOC-identification procedure; LRI reported for every row,,partial_no_numeric_match_factor,yes,normal_culinary_evidence,CE = commercial chicken egg control; breed values retained separately. Source-group taxonomy is preserved.
DEY-BOIL-119,egg:yolk_chicken,family:egg,yolk_carrier,boiled_100C_15min,SRC-EGG-YOLK-BOIL-001,Sulfur compound,Sulfur compounds,Hydrogen sulfide,34.0,1099,0.262,0.0,0.167,0.102,0.0202,AU × 10^6,HS-SPME-GC-MS; source method references prior VOC-identification procedure; LRI reported for every row,,partial_no_numeric_match_factor,yes,culinary_state_occurrence_with_quality_caution,CE = commercial chicken egg control; breed values retained separately. Source-group taxonomy is preserved.
DEY-BOIL-120,egg:yolk_chicken,family:egg,yolk_carrier,boiled_100C_15min,SRC-EGG-YOLK-BOIL-001,Sulfur compound,Sulfur compounds,Sulfur dioxide,64.0,538,0.269,0.0,0.274,0.0,0.0964,AU × 10^6,HS-SPME-GC-MS; source method references prior VOC-identification procedure; LRI reported for every row,,partial_no_numeric_match_factor,yes,normal_culinary_evidence,CE = commercial chicken egg control; breed values retained separately. Source-group taxonomy is preserved.
DEY-BOIL-121,egg:yolk_chicken,family:egg,yolk_carrier,boiled_100C_15min,SRC-EGG-YOLK-BOIL-001,Others,Furans,2-Pentylfuran,81.0,983,0.099,0.087,0.067,0.099,0.0069,AU × 10^6,HS-SPME-GC-MS; source method references prior VOC-identification procedure; LRI reported for every row,,partial_no_numeric_match_factor,yes,normal_culinary_evidence,CE = commercial chicken egg control; breed values retained separately. Source-group taxonomy is preserved.
DEY-BOIL-122,egg:yolk_chicken,family:egg,yolk_carrier,boiled_100C_15min,SRC-EGG-YOLK-BOIL-001,Others,Other nitrogen compounds,Nitrous oxide,44.0,533,0.0,0.0,0.739,0.0,0.1912,AU × 10^6,HS-SPME-GC-MS; source method references prior VOC-identification procedure; LRI reported for every row,,partial_no_numeric_match_factor,no,normal_culinary_evidence,CE = commercial chicken egg control; breed values retained separately. Source-group taxonomy is preserved.
DEY-BOIL-123,egg:yolk_chicken,family:egg,yolk_carrier,boiled_100C_15min,SRC-EGG-YOLK-BOIL-001,Others,Amines,Trimethylamine,58.0,1099,0.158,0.137,0.145,0.092,0.0379,AU × 10^6,HS-SPME-GC-MS; source method references prior VOC-identification procedure; LRI reported for every row,,partial_no_numeric_match_factor,yes,culinary_state_occurrence_with_quality_caution,CE = commercial chicken egg control; breed values retained separately. Source-group taxonomy is preserved.
