state_or_question,direct_source_ids,direct_evidence_available,coverage_strength,what_is_supported,what_is_not_yet_supported,current_status,next_evidence_action,architecture_consequence
raw,SRC-BEEF-ROAST-001; SRC-BEEF-RAW-MARBLING-001; SRC-BEEF-GRILL-TEMP-001,yes,strong_full_detection_plus_sensory,"Sensory-active raw core is retained, and the full Morsli 2025 detection table now contributes 82 raw detections from a 91-compound raw→grill experiment with CAS and LRI.",No single raw source is exhaustive across all breeds/diets/muscles; full-detection coverage is source-bounded rather than a claim of universal absence.,verified_full_detection_v16,No further broad raw extraction is required before ruminant work. Add only contradictory or materially differentiating studies.,Raw beef now has both a key-aroma layer and a full detected-table layer.
roasted,SRC-BEEF-ROAST-001; SRC-BEEF-LIPIDOMICS-001,yes,strong_sensory_partial_detection,"Raw-to-roast time course shows persistence, amplification, loss, and late high-heat formation; lipidomics supports precursor mechanism.",The governed roast layer remains sensory/key-aroma oriented rather than a separate full 75+ compound roast table; the high-heat family now has full detected coverage through direct grilled beef.,verified_high_heat_architecture,Do not duplicate a second exhaustive high-heat table unless roast-specific chemistry materially diverges from grill/sear evidence.,High-heat mechanism remains sound; MR-10 completeness is supplied by direct full-table high-heat evidence rather than forcing every technique into the same extraction burden.
grilled,SRC-BEEF-GRILL-TEMP-001; SRC-BEEF-GRILL-GCO-001; SRC-BEEF-GRILL-GRADE-001; SRC-BEEF-GRILL-MARBLING-001; SRC-BEEF-AGE-COOK-001; SRC-BEEF-IDQA-001,yes,strong_full_detection,Full 91-compound raw→grill table extracted; 86.0/86.0/86.0/87.0/88.0 detections at 55/60/71/77/85°C. Independent 45-compound cooked-beef table supplies an explicit ≥80% NIST match-quality gate.,Exact equivalence to roasting is not established; smoke/char remains separate from grill heat itself.,verified_full_detection_v16,No further broad grilled discovery needed unless contradictory evidence appears.,Grill is the complete detected-table anchor for the Beef high-heat family.
seared,SRC-BEEF-SEAR-001; SRC-BEEF-PANFRY-BREED-001,yes,moderate_to_strong,"Conventional/reverse searing directly identifies a 24-VOC profile dominated by hexanal, pentanal and heptanal; independent pan-fried multi-breed work confirms a broad high-heat volatile universe and breed deltas.",Compound-specific GC-O/OAV is still thinner than for grilled/roasted states.,verified_direct_partial,Treat additional seared sensomics as enrichment rather than an architecture blocker.,Sear can use the high-heat transformation architecture with technique-specific weighting and explicit evidence mode.
braised / moist-cooked,SRC-BEEF-STEW-001,yes,strong_partial,"Clean water+salt Simmental chuck baseline with GC-O/AEDA: aroma-active aldehydes, alcohols, sulfur/meaty and heterocyclic odorants.",One stewed protocol is not every braising geometry or liquid system.,verified_strong_partial,Extract remaining fresh-cooked quantitative/OAV table only if it changes runtime weighting.,Model as beef transformation; wine/onion/stock/herbs remain introduced overlays.
dry-aged,SRC-BEEF-AGE-001; SRC-BEEF-AGE-COOK-001; SRC-BEEF-AGE-CONTROL-001,yes,strong,"Matched dry/wet longitudinal data establishes oxidation-, Strecker-, sulfur-, ester- and microbial/lipolytic deltas; representative day-28 quantitative values are governed. Grilled 35-day dry-aged beef has higher concentrations/intensities of desirable GC-O odorants than wet-aged beef.","No universal optimal duration can be inferred across facilities, humidity, airflow, microbial ecology or cuts; 56-day data in one source shows some desirable Maillard odorants declining.",verified_strong_current_phase,"Treat additional aging durations/microbiomes as enrichment or client-specific research, not Beef-core discovery.","Dry aging is a first-class state delta that alters precursors, native volatiles and the subsequent cooked profile."
wet-aged,SRC-BEEF-AGE-001; SRC-BEEF-AGE-COOK-001,yes,strong_comparator,Wet aging is directly represented as the matched comparator for uncooked and grilled aging studies; fermentation products and volatile weighting differ from dry aging.,A standalone exhaustive wet-aged profile is not required for the current chef/runtime model.,verified_comparator,Retain as comparison/process state; expand only when a specific runtime use case demands it.,"Wet aging is a processing delta/comparator, not automatically a separate full ingredient universe."
cut / fat / marbling,SRC-BEEF-RAW-MARBLING-001; SRC-BEEF-FAT-001; SRC-BEEF-GRILL-MARBLING-001; SRC-BEEF-GRILL-GRADE-001; SRC-BEEF-PANFRY-BREED-001; SRC-BEEF-DIET-001,yes,strong_pattern,Raw marbling changes OAV/concentration within a shared active set; grilled IMF above ~10% increases volatile generation and in-mouth release; quality grade changes volatile/sensory weighting; breed comparisons show real but bounded deltas.,"A universal numeric multiplier by cut is not justified, and some breed/muscle-specific deltas remain real.",pattern_supported_founder_review,No retail-cut-by-retail-cut discovery program is warranted. Add direct muscle comparisons only when a chef/runtime use case exposes a gap.,Strong candidate for lean/native core + fat/IMF abundance/importance delta + optional member/cut deltas.
dry-cured / smoked,SRC-BEEF-CURE-SMOKE-001,yes,strong_full_detection_context_confounded,Full 86-compound dry-cured table extracted. Smoked+spiced T1 has 73 detections versus 36 in unsmoked/unspiced T2; all 12 phenols occur only in T1.,T1 changes two variables together—smoking and spices—so individual T1-only compounds cannot all be assigned uniquely to smoke.,verified_processing_overlay_v16,Use as the cured/smoked processing layer. Seek a smoke-only controlled source only if runtime needs to separate smoke from spice at compound level.,Processing creates a phenol-rich overlay absent from the unsmoked cure comparator; do not fold these phenols into native Beef.
