detected_record_id,product_id,protein,material,state_scope,source_id,compound_group,compound_name,cas,lri_observed,lri_reference,identification_method,numeric_match_factor,source_match_quality_floor_pct,mr09_identification_status,raw_pct,grill55_pct,grill60_pct,grill71_pct,grill77_pct,grill85_pct,p_value,source_metric_or_value,notes
BDM-MOR-001,beef:muscle,beef,Longissimus lumborum,raw→grilled doneness series,SRC-BEEF-GRILL-TEMP-001,Aldehydes,3-Methyl butanal,590-86-3,653,651.0,NIST 2014 MS + in-house authentic-compound library + Kovats LRI,,,numeric_match_factor_unreported,2.21,5.59,5.56,5.29,4.55,5.33,ns,relative abundance (% total VOC); zero = source-reported not detected,full detected table; raw and five grilled internal-temperature states
BDM-MOR-002,beef:muscle,beef,Longissimus lumborum,raw→grilled doneness series,SRC-BEEF-GRILL-TEMP-001,Aldehydes,Hexanal,66-25-1,802,801.0,NIST 2014 MS + in-house authentic-compound library + Kovats LRI,,,numeric_match_factor_unreported,1.12,3.78,4.16,4.49,4.06,3.86,<0.01,relative abundance (% total VOC); zero = source-reported not detected,full detected table; raw and five grilled internal-temperature states
BDM-MOR-003,beef:muscle,beef,Longissimus lumborum,raw→grilled doneness series,SRC-BEEF-GRILL-TEMP-001,Aldehydes,Heptanal,111-71-7,904,901.0,NIST 2014 MS + in-house authentic-compound library + Kovats LRI,,,numeric_match_factor_unreported,1.21,4.69,5.25,6.17,5.94,4.75,<0.01,relative abundance (% total VOC); zero = source-reported not detected,full detected table; raw and five grilled internal-temperature states
BDM-MOR-004,beef:muscle,beef,Longissimus lumborum,raw→grilled doneness series,SRC-BEEF-GRILL-TEMP-001,Aldehydes,Benzaldehyde,100-52-7,970,960.0,NIST 2014 MS + in-house authentic-compound library + Kovats LRI,,,numeric_match_factor_unreported,0.21,0.35,0.57,0.51,0.5,0.58,<0.01,relative abundance (% total VOC); zero = source-reported not detected,full detected table; raw and five grilled internal-temperature states
BDM-MOR-005,beef:muscle,beef,Longissimus lumborum,raw→grilled doneness series,SRC-BEEF-GRILL-TEMP-001,Aldehydes,Octanal,124-13-0,1005,1004.0,NIST 2014 MS + in-house authentic-compound library + Kovats LRI,,,numeric_match_factor_unreported,0.57,3.01,3.36,3.97,3.29,2.93,<0.01,relative abundance (% total VOC); zero = source-reported not detected,full detected table; raw and five grilled internal-temperature states
BDM-MOR-006,beef:muscle,beef,Longissimus lumborum,raw→grilled doneness series,SRC-BEEF-GRILL-TEMP-001,Aldehydes,"(E,E)-2,4-Heptadienal",4313-03-5,1015,1014.0,NIST 2014 MS + in-house authentic-compound library + Kovats LRI,,,numeric_match_factor_unreported,0.0,0.19,0.13,0.26,0.32,0.17,<0.01,relative abundance (% total VOC); zero = source-reported not detected,full detected table; raw and five grilled internal-temperature states
BDM-MOR-007,beef:muscle,beef,Longissimus lumborum,raw→grilled doneness series,SRC-BEEF-GRILL-TEMP-001,Aldehydes,(E)-2-Octenal,2548-87-0,1061,1061.0,NIST 2014 MS + in-house authentic-compound library + Kovats LRI,,,numeric_match_factor_unreported,0.1,0.77,0.91,0.98,0.81,0.5,<0.01,relative abundance (% total VOC); zero = source-reported not detected,full detected table; raw and five grilled internal-temperature states
BDM-MOR-008,beef:muscle,beef,Longissimus lumborum,raw→grilled doneness series,SRC-BEEF-GRILL-TEMP-001,Aldehydes,Nonanal,124-19-6,1108,1106.0,NIST 2014 MS + in-house authentic-compound library + Kovats LRI,,,numeric_match_factor_unreported,5.95,9.95,12.33,12.62,12.07,12.72,<0.01,relative abundance (% total VOC); zero = source-reported not detected,full detected table; raw and five grilled internal-temperature states
BDM-MOR-009,beef:muscle,beef,Longissimus lumborum,raw→grilled doneness series,SRC-BEEF-GRILL-TEMP-001,Aldehydes,(E)-2-Nonenal,18829-56-6,1164,1160.0,NIST 2014 MS + in-house authentic-compound library + Kovats LRI,,,numeric_match_factor_unreported,0.0,0.71,0.48,0.58,0.76,0.64,<0.01,relative abundance (% total VOC); zero = source-reported not detected,full detected table; raw and five grilled internal-temperature states
BDM-MOR-010,beef:muscle,beef,Longissimus lumborum,raw→grilled doneness series,SRC-BEEF-GRILL-TEMP-001,Aldehydes,4-Ethyl benzaldehyde,4748-78-1,1174,1164.0,NIST 2014 MS + in-house authentic-compound library + Kovats LRI,,,numeric_match_factor_unreported,0.43,0.68,0.63,0.76,0.62,0.39,ns,relative abundance (% total VOC); zero = source-reported not detected,full detected table; raw and five grilled internal-temperature states
BDM-MOR-011,beef:muscle,beef,Longissimus lumborum,raw→grilled doneness series,SRC-BEEF-GRILL-TEMP-001,Aldehydes,Decanal,112-31-2,1209,1205.0,NIST 2014 MS + in-house authentic-compound library + Kovats LRI,,,numeric_match_factor_unreported,0.35,0.58,0.68,0.71,0.67,0.7,<0.01,relative abundance (% total VOC); zero = source-reported not detected,full detected table; raw and five grilled internal-temperature states
BDM-MOR-012,beef:muscle,beef,Longissimus lumborum,raw→grilled doneness series,SRC-BEEF-GRILL-TEMP-001,Aldehydes,(E)-2-Decenal,3913-81-3,1267,1266.0,NIST 2014 MS + in-house authentic-compound library + Kovats LRI,,,numeric_match_factor_unreported,0.6,1.59,1.97,1.44,2.15,2.05,ns,relative abundance (% total VOC); zero = source-reported not detected,full detected table; raw and five grilled internal-temperature states
BDM-MOR-013,beef:muscle,beef,Longissimus lumborum,raw→grilled doneness series,SRC-BEEF-GRILL-TEMP-001,Aldehydes,"(E,E)-2,4-Decadienal",25152-84-5,1302,1299.0,NIST 2014 MS + in-house authentic-compound library + Kovats LRI,,,numeric_match_factor_unreported,0.0,0.33,0.22,0.31,0.36,0.26,<0.01,relative abundance (% total VOC); zero = source-reported not detected,full detected table; raw and five grilled internal-temperature states
BDM-MOR-014,beef:muscle,beef,Longissimus lumborum,raw→grilled doneness series,SRC-BEEF-GRILL-TEMP-001,Aldehydes,Undecanal,112-44-7,1311,1309.0,NIST 2014 MS + in-house authentic-compound library + Kovats LRI,,,numeric_match_factor_unreported,0.12,0.23,0.24,0.25,0.24,0.27,ns,relative abundance (% total VOC); zero = source-reported not detected,full detected table; raw and five grilled internal-temperature states
BDM-MOR-015,beef:muscle,beef,Longissimus lumborum,raw→grilled doneness series,SRC-BEEF-GRILL-TEMP-001,Aldehydes,"2,4-Decadienal",2363-88-4,1326,1317.0,NIST 2014 MS + in-house authentic-compound library + Kovats LRI,,,numeric_match_factor_unreported,0.09,1.0,0.54,0.84,1.01,0.67,<0.01,relative abundance (% total VOC); zero = source-reported not detected,full detected table; raw and five grilled internal-temperature states
BDM-MOR-016,beef:muscle,beef,Longissimus lumborum,raw→grilled doneness series,SRC-BEEF-GRILL-TEMP-001,Aldehydes,2-Undecenal,2463-77-6,1370,1369.0,NIST 2014 MS + in-house authentic-compound library + Kovats LRI,,,numeric_match_factor_unreported,0.31,1.89,1.11,1.61,1.6,1.51,<0.01,relative abundance (% total VOC); zero = source-reported not detected,full detected table; raw and five grilled internal-temperature states
BDM-MOR-017,beef:muscle,beef,Longissimus lumborum,raw→grilled doneness series,SRC-BEEF-GRILL-TEMP-001,Aldehydes,Dodecanal,112-54-9,1413,1401.0,NIST 2014 MS + in-house authentic-compound library + Kovats LRI,,,numeric_match_factor_unreported,0.14,0.32,0.29,0.33,0.3,0.33,<0.01,relative abundance (% total VOC); zero = source-reported not detected,full detected table; raw and five grilled internal-temperature states
BDM-MOR-018,beef:muscle,beef,Longissimus lumborum,raw→grilled doneness series,SRC-BEEF-GRILL-TEMP-001,Aldehydes,Tridecanal,10486-19-8,1516,1505.0,NIST 2014 MS + in-house authentic-compound library + Kovats LRI,,,numeric_match_factor_unreported,0.15,0.48,0.36,0.48,0.42,0.45,0.01,relative abundance (% total VOC); zero = source-reported not detected,full detected table; raw and five grilled internal-temperature states
BDM-MOR-019,beef:muscle,beef,Longissimus lumborum,raw→grilled doneness series,SRC-BEEF-GRILL-TEMP-001,Aldehydes,Tetradecanal,124-25-4,1618,1615.0,NIST 2014 MS + in-house authentic-compound library + Kovats LRI,,,numeric_match_factor_unreported,0.24,0.8,0.61,0.82,0.66,0.75,0.02,relative abundance (% total VOC); zero = source-reported not detected,full detected table; raw and five grilled internal-temperature states
BDM-MOR-020,beef:muscle,beef,Longissimus lumborum,raw→grilled doneness series,SRC-BEEF-GRILL-TEMP-001,Aldehydes,Pentadecanal,2765-11-9,1716,1707.0,NIST 2014 MS + in-house authentic-compound library + Kovats LRI,,,numeric_match_factor_unreported,0.88,1.45,1.07,1.51,1.27,1.37,ns,relative abundance (% total VOC); zero = source-reported not detected,full detected table; raw and five grilled internal-temperature states
BDM-MOR-021,beef:muscle,beef,Longissimus lumborum,raw→grilled doneness series,SRC-BEEF-GRILL-TEMP-001,Aldehydes,Hexadecanal,629-80-1,1818,1819.0,NIST 2014 MS + in-house authentic-compound library + Kovats LRI,,,numeric_match_factor_unreported,1.69,1.98,1.79,2.58,2.33,3.46,ns,relative abundance (% total VOC); zero = source-reported not detected,full detected table; raw and five grilled internal-temperature states
BDM-MOR-022,beef:muscle,beef,Longissimus lumborum,raw→grilled doneness series,SRC-BEEF-GRILL-TEMP-001,Aldehydes,Benzeneacetaldehyde,122-78-1,1052,1051.0,NIST 2014 MS + in-house authentic-compound library + Kovats LRI,,,numeric_match_factor_unreported,0.05,0.07,0.08,0.08,0.11,0.12,ns,relative abundance (% total VOC); zero = source-reported not detected,full detected table; raw and five grilled internal-temperature states
BDM-MOR-023,beef:muscle,beef,Longissimus lumborum,raw→grilled doneness series,SRC-BEEF-GRILL-TEMP-001,Esters,Methyl propionate,554-12-1,626,620.0,NIST 2014 MS + in-house authentic-compound library + Kovats LRI,,,numeric_match_factor_unreported,0.11,0.18,0.27,0.22,0.21,0.22,<0.01,relative abundance (% total VOC); zero = source-reported not detected,full detected table; raw and five grilled internal-temperature states
BDM-MOR-024,beef:muscle,beef,Longissimus lumborum,raw→grilled doneness series,SRC-BEEF-GRILL-TEMP-001,Esters,Methyl butanoate,623-42-7,720,719.0,NIST 2014 MS + in-house authentic-compound library + Kovats LRI,,,numeric_match_factor_unreported,0.18,0.59,0.84,0.73,0.66,0.71,<0.01,relative abundance (% total VOC); zero = source-reported not detected,full detected table; raw and five grilled internal-temperature states
BDM-MOR-025,beef:muscle,beef,Longissimus lumborum,raw→grilled doneness series,SRC-BEEF-GRILL-TEMP-001,Esters,Methyl 2-methylbutanoate,868-57-5,775,774.0,NIST 2014 MS + in-house authentic-compound library + Kovats LRI,,,numeric_match_factor_unreported,0.0,0.85,1.16,1.05,0.84,0.97,<0.01,relative abundance (% total VOC); zero = source-reported not detected,full detected table; raw and five grilled internal-temperature states
BDM-MOR-026,beef:muscle,beef,Longissimus lumborum,raw→grilled doneness series,SRC-BEEF-GRILL-TEMP-001,Esters,Methyl 3-methylbutanoate,556-24-1,776,774.0,NIST 2014 MS + in-house authentic-compound library + Kovats LRI,,,numeric_match_factor_unreported,6.25,0.0,0.0,0.0,0.0,0.0,<0.01,relative abundance (% total VOC); zero = source-reported not detected,full detected table; raw and five grilled internal-temperature states
BDM-MOR-027,beef:muscle,beef,Longissimus lumborum,raw→grilled doneness series,SRC-BEEF-GRILL-TEMP-001,Esters,Methyl hexanoate,106-70-7,923,922.0,NIST 2014 MS + in-house authentic-compound library + Kovats LRI,,,numeric_match_factor_unreported,0.78,0.61,0.42,0.22,0.18,0.12,<0.01,relative abundance (% total VOC); zero = source-reported not detected,full detected table; raw and five grilled internal-temperature states
BDM-MOR-028,beef:muscle,beef,Longissimus lumborum,raw→grilled doneness series,SRC-BEEF-GRILL-TEMP-001,Esters,Butyl isobutyrate,97-87-0,951,951.0,NIST 2014 MS + in-house authentic-compound library + Kovats LRI,,,numeric_match_factor_unreported,0.0,0.33,0.39,0.4,0.22,0.26,<0.01,relative abundance (% total VOC); zero = source-reported not detected,full detected table; raw and five grilled internal-temperature states
BDM-MOR-029,beef:muscle,beef,Longissimus lumborum,raw→grilled doneness series,SRC-BEEF-GRILL-TEMP-001,Esters,Methyl heptanoate,106-73-0,1023,1022.0,NIST 2014 MS + in-house authentic-compound library + Kovats LRI,,,numeric_match_factor_unreported,0.47,0.33,0.22,0.12,0.08,0.05,<0.01,relative abundance (% total VOC); zero = source-reported not detected,full detected table; raw and five grilled internal-temperature states
BDM-MOR-030,beef:muscle,beef,Longissimus lumborum,raw→grilled doneness series,SRC-BEEF-GRILL-TEMP-001,Esters,Methyl octanoate,111-11-5,1124,1126.0,NIST 2014 MS + in-house authentic-compound library + Kovats LRI,,,numeric_match_factor_unreported,2.48,0.98,0.86,0.0,0.0,0.0,<0.01,relative abundance (% total VOC); zero = source-reported not detected,full detected table; raw and five grilled internal-temperature states
BDM-MOR-031,beef:muscle,beef,Longissimus lumborum,raw→grilled doneness series,SRC-BEEF-GRILL-TEMP-001,Esters,Methyl nonanoate,1731-84-6,1223,1225.0,NIST 2014 MS + in-house authentic-compound library + Kovats LRI,,,numeric_match_factor_unreported,3.59,0.44,0.32,0.28,0.19,0.19,<0.01,relative abundance (% total VOC); zero = source-reported not detected,full detected table; raw and five grilled internal-temperature states
BDM-MOR-032,beef:muscle,beef,Longissimus lumborum,raw→grilled doneness series,SRC-BEEF-GRILL-TEMP-001,Esters,Methyl decanoate,110-42-9,1324,1322.0,NIST 2014 MS + in-house authentic-compound library + Kovats LRI,,,numeric_match_factor_unreported,4.25,0.85,0.86,0.18,0.41,0.37,<0.01,relative abundance (% total VOC); zero = source-reported not detected,full detected table; raw and five grilled internal-temperature states
BDM-MOR-033,beef:muscle,beef,Longissimus lumborum,raw→grilled doneness series,SRC-BEEF-GRILL-TEMP-001,Esters,Methyl azelaaldehydate,1931-63-1,1434,1439.0,NIST 2014 MS + in-house authentic-compound library + Kovats LRI,,,numeric_match_factor_unreported,0.04,0.35,0.27,0.11,0.06,0.04,<0.01,relative abundance (% total VOC); zero = source-reported not detected,full detected table; raw and five grilled internal-temperature states
BDM-MOR-034,beef:muscle,beef,Longissimus lumborum,raw→grilled doneness series,SRC-BEEF-GRILL-TEMP-001,Esters,Methyl dodecanoate,111-82-0,1524,1522.0,NIST 2014 MS + in-house authentic-compound library + Kovats LRI,,,numeric_match_factor_unreported,1.25,0.28,0.22,0.12,0.12,0.08,<0.01,relative abundance (% total VOC); zero = source-reported not detected,full detected table; raw and five grilled internal-temperature states
BDM-MOR-035,beef:muscle,beef,Longissimus lumborum,raw→grilled doneness series,SRC-BEEF-GRILL-TEMP-001,Esters,Methyl myristoleate,56219-06-8,1714,1715.0,NIST 2014 MS + in-house authentic-compound library + Kovats LRI,,,numeric_match_factor_unreported,1.82,0.0,0.0,0.0,0.0,0.0,<0.01,relative abundance (% total VOC); zero = source-reported not detected,full detected table; raw and five grilled internal-temperature states
BDM-MOR-036,beef:muscle,beef,Longissimus lumborum,raw→grilled doneness series,SRC-BEEF-GRILL-TEMP-001,Esters,Methyl tetradecanoate,124-10-7,1726,1724.0,NIST 2014 MS + in-house authentic-compound library + Kovats LRI,,,numeric_match_factor_unreported,10.01,3.21,2.72,1.17,1.14,0.79,<0.01,relative abundance (% total VOC); zero = source-reported not detected,full detected table; raw and five grilled internal-temperature states
BDM-MOR-037,beef:muscle,beef,Longissimus lumborum,raw→grilled doneness series,SRC-BEEF-GRILL-TEMP-001,Esters,Methyl pentadecanoate,7132-64-1,1826,1820.0,NIST 2014 MS + in-house authentic-compound library + Kovats LRI,,,numeric_match_factor_unreported,1.93,0.74,0.72,0.47,0.52,0.29,<0.01,relative abundance (% total VOC); zero = source-reported not detected,full detected table; raw and five grilled internal-temperature states
BDM-MOR-038,beef:muscle,beef,Longissimus lumborum,raw→grilled doneness series,SRC-BEEF-GRILL-TEMP-001,Esters,Methyl palmitoleate,1120-25-8,1907,1899.0,NIST 2014 MS + in-house authentic-compound library + Kovats LRI,,,numeric_match_factor_unreported,3.82,1.44,1.22,0.93,0.77,0.79,<0.01,relative abundance (% total VOC); zero = source-reported not detected,full detected table; raw and five grilled internal-temperature states
BDM-MOR-039,beef:muscle,beef,Longissimus lumborum,raw→grilled doneness series,SRC-BEEF-GRILL-TEMP-001,Esters,Methyl hexadecanoate,112-39-0,1927,1927.0,NIST 2014 MS + in-house authentic-compound library + Kovats LRI,,,numeric_match_factor_unreported,16.48,10.75,10.52,7.87,6.7,5.27,<0.01,relative abundance (% total VOC); zero = source-reported not detected,full detected table; raw and five grilled internal-temperature states
BDM-MOR-040,beef:muscle,beef,Longissimus lumborum,raw→grilled doneness series,SRC-BEEF-GRILL-TEMP-001,Alkanes,Octane,111-65-9,802,801.0,NIST 2014 MS + in-house authentic-compound library + Kovats LRI,,,numeric_match_factor_unreported,0.0,1.37,1.45,2.26,2.3,1.62,<0.01,relative abundance (% total VOC); zero = source-reported not detected,full detected table; raw and five grilled internal-temperature states
BDM-MOR-041,beef:muscle,beef,Longissimus lumborum,raw→grilled doneness series,SRC-BEEF-GRILL-TEMP-001,Alkanes,Pentane,109-66-0,502,500.0,NIST 2014 MS + in-house authentic-compound library + Kovats LRI,,,numeric_match_factor_unreported,0.19,0.39,0.32,0.43,0.43,0.38,<0.01,relative abundance (% total VOC); zero = source-reported not detected,full detected table; raw and five grilled internal-temperature states
BDM-MOR-042,beef:muscle,beef,Longissimus lumborum,raw→grilled doneness series,SRC-BEEF-GRILL-TEMP-001,Alkanes,Hexane,110-54-3,602,600.0,NIST 2014 MS + in-house authentic-compound library + Kovats LRI,,,numeric_match_factor_unreported,0.2,0.67,0.48,0.72,0.73,0.67,ns,relative abundance (% total VOC); zero = source-reported not detected,full detected table; raw and five grilled internal-temperature states
BDM-MOR-043,beef:muscle,beef,Longissimus lumborum,raw→grilled doneness series,SRC-BEEF-GRILL-TEMP-001,Alkanes,Heptane,142-82-5,701,700.0,NIST 2014 MS + in-house authentic-compound library + Kovats LRI,,,numeric_match_factor_unreported,3.32,2.73,2.06,2.99,3.41,3.38,<0.01,relative abundance (% total VOC); zero = source-reported not detected,full detected table; raw and five grilled internal-temperature states
BDM-MOR-044,beef:muscle,beef,Longissimus lumborum,raw→grilled doneness series,SRC-BEEF-GRILL-TEMP-001,Alkanes,Undecane,1120-21-4,1101,1100.0,NIST 2014 MS + in-house authentic-compound library + Kovats LRI,,,numeric_match_factor_unreported,0.25,0.17,0.13,0.3,0.21,0.24,ns,relative abundance (% total VOC); zero = source-reported not detected,full detected table; raw and five grilled internal-temperature states
BDM-MOR-045,beef:muscle,beef,Longissimus lumborum,raw→grilled doneness series,SRC-BEEF-GRILL-TEMP-001,Alkanes,Tridecane,629-50-5,1302,1300.0,NIST 2014 MS + in-house authentic-compound library + Kovats LRI,,,numeric_match_factor_unreported,0.13,0.22,0.23,0.28,0.25,0.27,ns,relative abundance (% total VOC); zero = source-reported not detected,full detected table; raw and five grilled internal-temperature states
BDM-MOR-046,beef:muscle,beef,Longissimus lumborum,raw→grilled doneness series,SRC-BEEF-GRILL-TEMP-001,Alkanes,Tetradecane,629-59-4,1402,1400.0,NIST 2014 MS + in-house authentic-compound library + Kovats LRI,,,numeric_match_factor_unreported,0.16,0.33,0.32,0.37,0.4,0.39,ns,relative abundance (% total VOC); zero = source-reported not detected,full detected table; raw and five grilled internal-temperature states
BDM-MOR-047,beef:muscle,beef,Longissimus lumborum,raw→grilled doneness series,SRC-BEEF-GRILL-TEMP-001,Alkanes,Pentadecane,629-62-9,1502,1500.0,NIST 2014 MS + in-house authentic-compound library + Kovats LRI,,,numeric_match_factor_unreported,0.33,0.46,0.53,0.54,0.6,0.64,ns,relative abundance (% total VOC); zero = source-reported not detected,full detected table; raw and five grilled internal-temperature states
BDM-MOR-048,beef:muscle,beef,Longissimus lumborum,raw→grilled doneness series,SRC-BEEF-GRILL-TEMP-001,Alkanes,Hexadecane,544-76-3,1601,1600.0,NIST 2014 MS + in-house authentic-compound library + Kovats LRI,,,numeric_match_factor_unreported,0.24,0.35,0.32,0.33,0.47,0.47,ns,relative abundance (% total VOC); zero = source-reported not detected,full detected table; raw and five grilled internal-temperature states
BDM-MOR-049,beef:muscle,beef,Longissimus lumborum,raw→grilled doneness series,SRC-BEEF-GRILL-TEMP-001,Alkanes,5-Phenyl undecane,4537-15-9,1640,1632.0,NIST 2014 MS + in-house authentic-compound library + Kovats LRI,,,numeric_match_factor_unreported,0.08,0.1,0.09,0.07,0.13,0.13,ns,relative abundance (% total VOC); zero = source-reported not detected,full detected table; raw and five grilled internal-temperature states
BDM-MOR-050,beef:muscle,beef,Longissimus lumborum,raw→grilled doneness series,SRC-BEEF-GRILL-TEMP-001,Alkanes,4-Phenyl undecane,4536-86-1,1652,1643.0,NIST 2014 MS + in-house authentic-compound library + Kovats LRI,,,numeric_match_factor_unreported,0.04,0.09,0.07,0.05,0.12,0.11,ns,relative abundance (% total VOC); zero = source-reported not detected,full detected table; raw and five grilled internal-temperature states
BDM-MOR-051,beef:muscle,beef,Longissimus lumborum,raw→grilled doneness series,SRC-BEEF-GRILL-TEMP-001,Alkanes,Heptadecane,629-78-7,1701,1700.0,NIST 2014 MS + in-house authentic-compound library + Kovats LRI,,,numeric_match_factor_unreported,0.63,0.69,0.71,0.7,1.05,1.09,ns,relative abundance (% total VOC); zero = source-reported not detected,full detected table; raw and five grilled internal-temperature states
BDM-MOR-052,beef:muscle,beef,Longissimus lumborum,raw→grilled doneness series,SRC-BEEF-GRILL-TEMP-001,Alkanes,6-Phenyl dodecane,2719-62-2,1735,1726.0,NIST 2014 MS + in-house authentic-compound library + Kovats LRI,,,numeric_match_factor_unreported,0.03,0.03,0.04,0.03,0.06,0.06,ns,relative abundance (% total VOC); zero = source-reported not detected,full detected table; raw and five grilled internal-temperature states
BDM-MOR-053,beef:muscle,beef,Longissimus lumborum,raw→grilled doneness series,SRC-BEEF-GRILL-TEMP-001,Alkanes,3-Phenyl dodecane,2400-00-2,1779,1766.0,NIST 2014 MS + in-house authentic-compound library + Kovats LRI,,,numeric_match_factor_unreported,0.1,0.21,0.1,0.08,0.14,0.13,ns,relative abundance (% total VOC); zero = source-reported not detected,full detected table; raw and five grilled internal-temperature states
BDM-MOR-054,beef:muscle,beef,Longissimus lumborum,raw→grilled doneness series,SRC-BEEF-GRILL-TEMP-001,Alkanes,Octadecane,593-45-3,1799,1810.0,NIST 2014 MS + in-house authentic-compound library + Kovats LRI,,,numeric_match_factor_unreported,2.22,3.31,0.89,0.65,1.77,3.45,ns,relative abundance (% total VOC); zero = source-reported not detected,full detected table; raw and five grilled internal-temperature states
BDM-MOR-055,beef:muscle,beef,Longissimus lumborum,raw→grilled doneness series,SRC-BEEF-GRILL-TEMP-001,Acids,Acetic acid,64-19-7,577,559.0,NIST 2014 MS + in-house authentic-compound library + Kovats LRI,,,numeric_match_factor_unreported,1.44,1.51,1.65,1.37,1.27,1.38,ns,relative abundance (% total VOC); zero = source-reported not detected,full detected table; raw and five grilled internal-temperature states
BDM-MOR-056,beef:muscle,beef,Longissimus lumborum,raw→grilled doneness series,SRC-BEEF-GRILL-TEMP-001,Acids,Pentanoic acid,109-52-4,881,868.0,NIST 2014 MS + in-house authentic-compound library + Kovats LRI,,,numeric_match_factor_unreported,0.36,0.36,0.43,0.43,0.46,0.41,ns,relative abundance (% total VOC); zero = source-reported not detected,full detected table; raw and five grilled internal-temperature states
BDM-MOR-057,beef:muscle,beef,Longissimus lumborum,raw→grilled doneness series,SRC-BEEF-GRILL-TEMP-001,Acids,Hexanoic acid,142-62-1,968,983.0,NIST 2014 MS + in-house authentic-compound library + Kovats LRI,,,numeric_match_factor_unreported,0.62,0.49,0.56,0.54,0.51,0.61,ns,relative abundance (% total VOC); zero = source-reported not detected,full detected table; raw and five grilled internal-temperature states
BDM-MOR-058,beef:muscle,beef,Longissimus lumborum,raw→grilled doneness series,SRC-BEEF-GRILL-TEMP-001,Acids,Heptanoic acid,111-14-8,1066,1080.0,NIST 2014 MS + in-house authentic-compound library + Kovats LRI,,,numeric_match_factor_unreported,0.58,0.68,0.8,0.83,0.96,0.91,ns,relative abundance (% total VOC); zero = source-reported not detected,full detected table; raw and five grilled internal-temperature states
BDM-MOR-059,beef:muscle,beef,Longissimus lumborum,raw→grilled doneness series,SRC-BEEF-GRILL-TEMP-001,Acids,Octanoic acid,124-07-2,1164,1160.0,NIST 2014 MS + in-house authentic-compound library + Kovats LRI,,,numeric_match_factor_unreported,0.71,1.45,1.27,1.23,0.95,0.99,ns,relative abundance (% total VOC); zero = source-reported not detected,full detected table; raw and five grilled internal-temperature states
BDM-MOR-060,beef:muscle,beef,Longissimus lumborum,raw→grilled doneness series,SRC-BEEF-GRILL-TEMP-001,Acids,Nonanoic acid,112-05-0,1264,1276.0,NIST 2014 MS + in-house authentic-compound library + Kovats LRI,,,numeric_match_factor_unreported,1.85,1.97,2.26,2.33,2.67,2.74,ns,relative abundance (% total VOC); zero = source-reported not detected,full detected table; raw and five grilled internal-temperature states
BDM-MOR-061,beef:muscle,beef,Longissimus lumborum,raw→grilled doneness series,SRC-BEEF-GRILL-TEMP-001,Acids,Decanoic acid,334-48-5,1359,1358.0,NIST 2014 MS + in-house authentic-compound library + Kovats LRI,,,numeric_match_factor_unreported,0.95,1.03,1.39,1.24,1.44,1.33,ns,relative abundance (% total VOC); zero = source-reported not detected,full detected table; raw and five grilled internal-temperature states
BDM-MOR-062,beef:muscle,beef,Longissimus lumborum,raw→grilled doneness series,SRC-BEEF-GRILL-TEMP-001,Acids,Dodecanoic acid,143-07-7,1557,1555.0,NIST 2014 MS + in-house authentic-compound library + Kovats LRI,,,numeric_match_factor_unreported,0.52,0.58,0.66,0.62,0.84,0.73,ns,relative abundance (% total VOC); zero = source-reported not detected,full detected table; raw and five grilled internal-temperature states
BDM-MOR-063,beef:muscle,beef,Longissimus lumborum,raw→grilled doneness series,SRC-BEEF-GRILL-TEMP-001,Acids,Tetradecanoic acid,544-63-8,1757,1760.0,NIST 2014 MS + in-house authentic-compound library + Kovats LRI,,,numeric_match_factor_unreported,0.65,0.6,0.82,0.75,1.21,1.05,ns,relative abundance (% total VOC); zero = source-reported not detected,full detected table; raw and five grilled internal-temperature states
BDM-MOR-064,beef:muscle,beef,Longissimus lumborum,raw→grilled doneness series,SRC-BEEF-GRILL-TEMP-001,Acids,Hexadecanoic acid,57-10-3,1967,1967.0,NIST 2014 MS + in-house authentic-compound library + Kovats LRI,,,numeric_match_factor_unreported,3.42,3.34,3.73,4.09,5.07,5.37,ns,relative abundance (% total VOC); zero = source-reported not detected,full detected table; raw and five grilled internal-temperature states
BDM-MOR-065,beef:muscle,beef,Longissimus lumborum,raw→grilled doneness series,SRC-BEEF-GRILL-TEMP-001,Benzenes,Benzene,71-43-2,662,669.0,NIST 2014 MS + in-house authentic-compound library + Kovats LRI,,,numeric_match_factor_unreported,1.03,0.73,1.15,0.71,0.43,0.42,ns,relative abundance (% total VOC); zero = source-reported not detected,full detected table; raw and five grilled internal-temperature states
BDM-MOR-066,beef:muscle,beef,Longissimus lumborum,raw→grilled doneness series,SRC-BEEF-GRILL-TEMP-001,Benzenes,Toluene,108-88-3,770,763.0,NIST 2014 MS + in-house authentic-compound library + Kovats LRI,,,numeric_match_factor_unreported,0.54,0.37,0.49,0.51,0.32,0.32,ns,relative abundance (% total VOC); zero = source-reported not detected,full detected table; raw and five grilled internal-temperature states
BDM-MOR-067,beef:muscle,beef,Longissimus lumborum,raw→grilled doneness series,SRC-BEEF-GRILL-TEMP-001,Benzenes,Ethylbenzene,100-41-4,866,867.0,NIST 2014 MS + in-house authentic-compound library + Kovats LRI,,,numeric_match_factor_unreported,0.13,0.14,0.14,0.11,0.11,0.08,ns,relative abundance (% total VOC); zero = source-reported not detected,full detected table; raw and five grilled internal-temperature states
BDM-MOR-068,beef:muscle,beef,Longissimus lumborum,raw→grilled doneness series,SRC-BEEF-GRILL-TEMP-001,Benzenes,p-Xylene,106-42-3,868,863.0,NIST 2014 MS + in-house authentic-compound library + Kovats LRI,,,numeric_match_factor_unreported,0.23,0.21,0.26,0.2,0.2,0.19,ns,relative abundance (% total VOC); zero = source-reported not detected,full detected table; raw and five grilled internal-temperature states
BDM-MOR-069,beef:muscle,beef,Longissimus lumborum,raw→grilled doneness series,SRC-BEEF-GRILL-TEMP-001,Benzenes,o-Xylene,95-47-6,899,908.0,NIST 2014 MS + in-house authentic-compound library + Kovats LRI,,,numeric_match_factor_unreported,0.23,0.22,0.26,0.2,0.2,0.2,ns,relative abundance (% total VOC); zero = source-reported not detected,full detected table; raw and five grilled internal-temperature states
BDM-MOR-070,beef:muscle,beef,Longissimus lumborum,raw→grilled doneness series,SRC-BEEF-GRILL-TEMP-001,Benzenes,Benzophenone,119-61-9,1656,1653.0,NIST 2014 MS + in-house authentic-compound library + Kovats LRI,,,numeric_match_factor_unreported,0.11,0.17,0.19,0.16,0.23,0.2,ns,relative abundance (% total VOC); zero = source-reported not detected,full detected table; raw and five grilled internal-temperature states
BDM-MOR-071,beef:muscle,beef,Longissimus lumborum,raw→grilled doneness series,SRC-BEEF-GRILL-TEMP-001,Benzenes,Indole,120-72-9,1306,1296.0,NIST 2014 MS + in-house authentic-compound library + Kovats LRI,,,numeric_match_factor_unreported,0.13,0.13,0.15,0.11,0.17,0.17,ns,relative abundance (% total VOC); zero = source-reported not detected,full detected table; raw and five grilled internal-temperature states
BDM-MOR-072,beef:muscle,beef,Longissimus lumborum,raw→grilled doneness series,SRC-BEEF-GRILL-TEMP-001,Ketones,2-Butanone,78-93-3,599,597.0,NIST 2014 MS + in-house authentic-compound library + Kovats LRI,,,numeric_match_factor_unreported,0.49,0.44,1.07,0.97,0.68,0.79,ns,relative abundance (% total VOC); zero = source-reported not detected,full detected table; raw and five grilled internal-temperature states
BDM-MOR-073,beef:muscle,beef,Longissimus lumborum,raw→grilled doneness series,SRC-BEEF-GRILL-TEMP-001,Ketones,2-Pentanone,107-87-9,684,687.0,NIST 2014 MS + in-house authentic-compound library + Kovats LRI,,,numeric_match_factor_unreported,0.84,0.95,1.24,1.05,0.98,1.12,ns,relative abundance (% total VOC); zero = source-reported not detected,full detected table; raw and five grilled internal-temperature states
BDM-MOR-074,beef:muscle,beef,Longissimus lumborum,raw→grilled doneness series,SRC-BEEF-GRILL-TEMP-001,Ketones,3-Heptanone,106-35-4,886,887.0,NIST 2014 MS + in-house authentic-compound library + Kovats LRI,,,numeric_match_factor_unreported,0.1,0.25,0.22,0.2,0.13,0.2,ns,relative abundance (% total VOC); zero = source-reported not detected,full detected table; raw and five grilled internal-temperature states
BDM-MOR-075,beef:muscle,beef,Longissimus lumborum,raw→grilled doneness series,SRC-BEEF-GRILL-TEMP-001,Ketones,4-Octanone,589-63-9,974,977.0,NIST 2014 MS + in-house authentic-compound library + Kovats LRI,,,numeric_match_factor_unreported,0.4,0.41,0.45,0.42,0.38,0.4,ns,relative abundance (% total VOC); zero = source-reported not detected,full detected table; raw and five grilled internal-temperature states
BDM-MOR-076,beef:muscle,beef,Longissimus lumborum,raw→grilled doneness series,SRC-BEEF-GRILL-TEMP-001,Ketones,Acetophenone,98-86-2,1074,1079.0,NIST 2014 MS + in-house authentic-compound library + Kovats LRI,,,numeric_match_factor_unreported,0.07,0.1,0.13,0.1,0.11,0.1,ns,relative abundance (% total VOC); zero = source-reported not detected,full detected table; raw and five grilled internal-temperature states
BDM-MOR-077,beef:muscle,beef,Longissimus lumborum,raw→grilled doneness series,SRC-BEEF-GRILL-TEMP-001,Ketones,2-Nonanone,821-55-6,1094,1094.0,NIST 2014 MS + in-house authentic-compound library + Kovats LRI,,,numeric_match_factor_unreported,0.17,0.28,0.28,0.26,0.29,0.29,ns,relative abundance (% total VOC); zero = source-reported not detected,full detected table; raw and five grilled internal-temperature states
BDM-MOR-078,beef:muscle,beef,Longissimus lumborum,raw→grilled doneness series,SRC-BEEF-GRILL-TEMP-001,Alcohols,1-Hexanol,111-27-3,867,868.0,NIST 2014 MS + in-house authentic-compound library + Kovats LRI,,,numeric_match_factor_unreported,0.05,0.24,0.33,1.28,0.25,0.16,ns,relative abundance (% total VOC); zero = source-reported not detected,full detected table; raw and five grilled internal-temperature states
BDM-MOR-079,beef:muscle,beef,Longissimus lumborum,raw→grilled doneness series,SRC-BEEF-GRILL-TEMP-001,Alcohols,1-Octanol,111-87-5,1071,1071.0,NIST 2014 MS + in-house authentic-compound library + Kovats LRI,,,numeric_match_factor_unreported,0.26,1.29,1.17,1.22,1.09,0.92,<0.01,relative abundance (% total VOC); zero = source-reported not detected,full detected table; raw and five grilled internal-temperature states
BDM-MOR-080,beef:muscle,beef,Longissimus lumborum,raw→grilled doneness series,SRC-BEEF-GRILL-TEMP-001,Alcohols,1-Tetradecanol,112-72-1,1681,1671.0,NIST 2014 MS + in-house authentic-compound library + Kovats LRI,,,numeric_match_factor_unreported,0.1,0.25,0.25,0.24,0.25,0.28,ns,relative abundance (% total VOC); zero = source-reported not detected,full detected table; raw and five grilled internal-temperature states
BDM-MOR-081,beef:muscle,beef,Longissimus lumborum,raw→grilled doneness series,SRC-BEEF-GRILL-TEMP-001,Furans,2-Furanmethanol,98-00-0,852,850.0,NIST 2014 MS + in-house authentic-compound library + Kovats LRI,,,numeric_match_factor_unreported,0.09,0.1,0.12,0.08,0.12,0.07,ns,relative abundance (% total VOC); zero = source-reported not detected,full detected table; raw and five grilled internal-temperature states
BDM-MOR-082,beef:muscle,beef,Longissimus lumborum,raw→grilled doneness series,SRC-BEEF-GRILL-TEMP-001,Furans,2-Pentylfuran,3777-69-3,993,991.0,NIST 2014 MS + in-house authentic-compound library + Kovats LRI,,,numeric_match_factor_unreported,0.28,1.7,1.33,1.51,1.19,1.19,<0.01,relative abundance (% total VOC); zero = source-reported not detected,full detected table; raw and five grilled internal-temperature states
BDM-MOR-083,beef:muscle,beef,Longissimus lumborum,raw→grilled doneness series,SRC-BEEF-GRILL-TEMP-001,Furans,2-Octylfuran,4179-38-8,1296,1286.0,NIST 2014 MS + in-house authentic-compound library + Kovats LRI,,,numeric_match_factor_unreported,0.02,0.08,0.06,0.07,0.07,0.08,<0.01,relative abundance (% total VOC); zero = source-reported not detected,full detected table; raw and five grilled internal-temperature states
BDM-MOR-084,beef:muscle,beef,Longissimus lumborum,raw→grilled doneness series,SRC-BEEF-GRILL-TEMP-001,Pyrazines,"2,6-Dimethylpyrazine",108-50-9,918,912.0,NIST 2014 MS + in-house authentic-compound library + Kovats LRI,,,numeric_match_factor_unreported,0.0,0.0,0.0,0.02,0.03,0.07,<0.01,relative abundance (% total VOC); zero = source-reported not detected,full detected table; raw and five grilled internal-temperature states
BDM-MOR-085,beef:muscle,beef,Longissimus lumborum,raw→grilled doneness series,SRC-BEEF-GRILL-TEMP-001,Pyrazines,"3-Ethyl-2,5-dimethylpyrazine",13360-65-1,1080,1072.0,NIST 2014 MS + in-house authentic-compound library + Kovats LRI,,,numeric_match_factor_unreported,0.0,0.0,0.0,0.0,0.0,0.13,<0.01,relative abundance (% total VOC); zero = source-reported not detected,full detected table; raw and five grilled internal-temperature states
BDM-MOR-086,beef:muscle,beef,Longissimus lumborum,raw→grilled doneness series,SRC-BEEF-GRILL-TEMP-001,Pyrazines,"2,5-Dimethyl-3-isoamylpyrazine",111150-30-2,1319,1322.0,NIST 2014 MS + in-house authentic-compound library + Kovats LRI,,,numeric_match_factor_unreported,0.0,0.0,0.0,0.0,0.12,0.3,<0.01,relative abundance (% total VOC); zero = source-reported not detected,full detected table; raw and five grilled internal-temperature states
BDM-MOR-087,beef:muscle,beef,Longissimus lumborum,raw→grilled doneness series,SRC-BEEF-GRILL-TEMP-001,Lactones,gamma-Crotonolactone,497-23-4,912,916.0,NIST 2014 MS + in-house authentic-compound library + Kovats LRI,,,numeric_match_factor_unreported,0.38,0.37,0.32,0.31,0.39,0.34,ns,relative abundance (% total VOC); zero = source-reported not detected,full detected table; raw and five grilled internal-temperature states
BDM-MOR-088,beef:muscle,beef,Longissimus lumborum,raw→grilled doneness series,SRC-BEEF-GRILL-TEMP-001,Lactones,delta-Tetradecalactone,2721-22-4,1939,1938.0,NIST 2014 MS + in-house authentic-compound library + Kovats LRI,,,numeric_match_factor_unreported,2.74,3.67,3.71,3.98,4.16,4.95,ns,relative abundance (% total VOC); zero = source-reported not detected,full detected table; raw and five grilled internal-temperature states
BDM-MOR-089,beef:muscle,beef,Longissimus lumborum,raw→grilled doneness series,SRC-BEEF-GRILL-TEMP-001,Alkenes,1-Octene,111-66-0,792,791.0,NIST 2014 MS + in-house authentic-compound library + Kovats LRI,,,numeric_match_factor_unreported,0.18,0.2,0.4,0.57,0.69,0.68,ns,relative abundance (% total VOC); zero = source-reported not detected,full detected table; raw and five grilled internal-temperature states
BDM-MOR-090,beef:muscle,beef,Longissimus lumborum,raw→grilled doneness series,SRC-BEEF-GRILL-TEMP-001,Amines,Trimethylamine,75-50-3,480,479.0,NIST 2014 MS + in-house authentic-compound library + Kovats LRI,,,numeric_match_factor_unreported,1.18,1.16,1.01,1.19,1.3,1.19,0.02,relative abundance (% total VOC); zero = source-reported not detected,full detected table; raw and five grilled internal-temperature states
BDM-MOR-091,beef:muscle,beef,Longissimus lumborum,raw→grilled doneness series,SRC-BEEF-GRILL-TEMP-001,Terpenes,Neophytadiene,504-96-1,1841,1837.0,NIST 2014 MS + in-house authentic-compound library + Kovats LRI,,,numeric_match_factor_unreported,1.32,1.02,0.64,0.83,2.52,2.7,ns,relative abundance (% total VOC); zero = source-reported not detected,full detected table; raw and five grilled internal-temperature states
BDM-IDQ-001,beef:muscle,beef,cooked meat sample,cooked beef identification-QA benchmark,SRC-BEEF-IDQA-001,Aldehydes,Hexanal,,1018,1036.0,NIST v14 MS (source minimum mass-match quality 80%) + calculated LRI,,80.0,verified_source_match_floor_80_plus_lri,,,,,,,,beef relative concentration 89.19 µg/kg; target ion m/z 56; RT 5.44 min,"full 45-compound source table; per-compound exact match score not published, but source retained only matches ≥80%"
BDM-IDQ-002,beef:muscle,beef,cooked meat sample,cooked beef identification-QA benchmark,SRC-BEEF-IDQA-001,Aldehydes,Heptanal,,1154,1156.0,NIST v14 MS (source minimum mass-match quality 80%) + calculated LRI,,80.0,verified_source_match_floor_80_plus_lri,,,,,,,,beef relative concentration 44.59 µg/kg; target ion m/z 70; RT 9.82 min,"full 45-compound source table; per-compound exact match score not published, but source retained only matches ≥80%"
BDM-IDQ-003,beef:muscle,beef,cooked meat sample,cooked beef identification-QA benchmark,SRC-BEEF-IDQA-001,Aldehydes,Octanal,,1273,1273.0,NIST v14 MS (source minimum mass-match quality 80%) + calculated LRI,,80.0,verified_source_match_floor_80_plus_lri,,,,,,,,beef relative concentration 97.56 µg/kg; target ion m/z 43; RT 13.83 min,"full 45-compound source table; per-compound exact match score not published, but source retained only matches ≥80%"
BDM-IDQ-004,beef:muscle,beef,cooked meat sample,cooked beef identification-QA benchmark,SRC-BEEF-IDQA-001,Aldehydes,Nonanal,,1384,1384.0,NIST v14 MS (source minimum mass-match quality 80%) + calculated LRI,,80.0,verified_source_match_floor_80_plus_lri,,,,,,,,beef relative concentration 527.87 µg/kg; target ion m/z 57; RT 17.56 min,"full 45-compound source table; per-compound exact match score not published, but source retained only matches ≥80%"
BDM-IDQ-005,beef:muscle,beef,cooked meat sample,cooked beef identification-QA benchmark,SRC-BEEF-IDQA-001,Aldehydes,Decanal,,1491,1491.0,NIST v14 MS (source minimum mass-match quality 80%) + calculated LRI,,80.0,verified_source_match_floor_80_plus_lri,,,,,,,,beef relative concentration 18.45 µg/kg; target ion m/z 57; RT 21.01 min,"full 45-compound source table; per-compound exact match score not published, but source retained only matches ≥80%"
BDM-IDQ-006,beef:muscle,beef,cooked meat sample,cooked beef identification-QA benchmark,SRC-BEEF-IDQA-001,Aldehydes,Benzaldehyde,,1514,1514.0,NIST v14 MS (source minimum mass-match quality 80%) + calculated LRI,,80.0,verified_source_match_floor_80_plus_lri,,,,,,,,beef relative concentration 97.81 µg/kg; target ion m/z 106; RT 21.78 min,"full 45-compound source table; per-compound exact match score not published, but source retained only matches ≥80%"
BDM-IDQ-007,beef:muscle,beef,cooked meat sample,cooked beef identification-QA benchmark,SRC-BEEF-IDQA-001,Aldehydes,2-Nonenal (E),,1526,1526.0,NIST v14 MS (source minimum mass-match quality 80%) + calculated LRI,,80.0,verified_source_match_floor_80_plus_lri,,,,,,,,beef relative concentration 43.77 µg/kg; target ion m/z 55; RT 22.11 min,"full 45-compound source table; per-compound exact match score not published, but source retained only matches ≥80%"
BDM-IDQ-008,beef:muscle,beef,cooked meat sample,cooked beef identification-QA benchmark,SRC-BEEF-IDQA-001,Aldehydes,2-Decenal (E),,1640,1640.0,NIST v14 MS (source minimum mass-match quality 80%) + calculated LRI,,80.0,verified_source_match_floor_80_plus_lri,,,,,,,,beef relative concentration 61.50 µg/kg; target ion m/z 41; RT 25.71 min,"full 45-compound source table; per-compound exact match score not published, but source retained only matches ≥80%"
BDM-IDQ-009,beef:muscle,beef,cooked meat sample,cooked beef identification-QA benchmark,SRC-BEEF-IDQA-001,Aldehydes,"2,4-Nonadienal (E,E)",,1695,1695.0,NIST v14 MS (source minimum mass-match quality 80%) + calculated LRI,,80.0,verified_source_match_floor_80_plus_lri,,,,,,,,beef relative concentration 15.29 µg/kg; target ion m/z 81; RT 27.42 min,"full 45-compound source table; per-compound exact match score not published, but source retained only matches ≥80%"
BDM-IDQ-010,beef:muscle,beef,cooked meat sample,cooked beef identification-QA benchmark,SRC-BEEF-IDQA-001,Aldehydes,2-Undecenal,,1748,1750.0,NIST v14 MS (source minimum mass-match quality 80%) + calculated LRI,,80.0,verified_source_match_floor_80_plus_lri,,,,,,,,beef relative concentration 62.64 µg/kg; target ion m/z 57; RT 28.64 min,"full 45-compound source table; per-compound exact match score not published, but source retained only matches ≥80%"
BDM-IDQ-011,beef:muscle,beef,cooked meat sample,cooked beef identification-QA benchmark,SRC-BEEF-IDQA-001,Aldehydes,"2,4-Decadienal (E,E)",,1805,1805.0,NIST v14 MS (source minimum mass-match quality 80%) + calculated LRI,,80.0,verified_source_match_floor_80_plus_lri,,,,,,,,beef relative concentration 16.94 µg/kg; target ion m/z 81; RT 29.90 min,"full 45-compound source table; per-compound exact match score not published, but source retained only matches ≥80%"
BDM-IDQ-012,beef:muscle,beef,cooked meat sample,cooked beef identification-QA benchmark,SRC-BEEF-IDQA-001,Aldehydes,Tetradecanal,,1919,1919.0,NIST v14 MS (source minimum mass-match quality 80%) + calculated LRI,,80.0,verified_source_match_floor_80_plus_lri,,,,,,,,beef relative concentration 9.87 µg/kg; target ion m/z 57; RT 31.91 min,"full 45-compound source table; per-compound exact match score not published, but source retained only matches ≥80%"
BDM-IDQ-013,beef:muscle,beef,cooked meat sample,cooked beef identification-QA benchmark,SRC-BEEF-IDQA-001,Aldehydes,Pentadecanal,,2026,2024.0,NIST v14 MS (source minimum mass-match quality 80%) + calculated LRI,,80.0,verified_source_match_floor_80_plus_lri,,,,,,,,beef relative concentration 18.80 µg/kg; target ion m/z 82; RT 33.53 min,"full 45-compound source table; per-compound exact match score not published, but source retained only matches ≥80%"
BDM-IDQ-014,beef:muscle,beef,cooked meat sample,cooked beef identification-QA benchmark,SRC-BEEF-IDQA-001,Aldehydes,Hexadecanal,,2134,2135.0,NIST v14 MS (source minimum mass-match quality 80%) + calculated LRI,,80.0,verified_source_match_floor_80_plus_lri,,,,,,,,beef relative concentration 31.18 µg/kg; target ion m/z 57; RT 34.98 min,"full 45-compound source table; per-compound exact match score not published, but source retained only matches ≥80%"
BDM-IDQ-015,beef:muscle,beef,cooked meat sample,cooked beef identification-QA benchmark,SRC-BEEF-IDQA-001,Aldehydes,Dodecanal,,1704,1704.0,NIST v14 MS (source minimum mass-match quality 80%) + calculated LRI,,80.0,verified_source_match_floor_80_plus_lri,,,,,,,,beef relative concentration 23.35 µg/kg; target ion m/z 57; RT 27.67 min,"full 45-compound source table; per-compound exact match score not published, but source retained only matches ≥80%"
BDM-IDQ-016,beef:muscle,beef,cooked meat sample,cooked beef identification-QA benchmark,SRC-BEEF-IDQA-001,Aldehydes,Benzeneacetaldehyde,,1644,1635.0,NIST v14 MS (source minimum mass-match quality 80%) + calculated LRI,,80.0,verified_source_match_floor_80_plus_lri,,,,,,,,beef relative concentration 18.85 µg/kg; target ion m/z 91; RT 25.81 min,"full 45-compound source table; per-compound exact match score not published, but source retained only matches ≥80%"
BDM-IDQ-017,beef:muscle,beef,cooked meat sample,cooked beef identification-QA benchmark,SRC-BEEF-IDQA-001,Alcohols,1-Octen-3-ol,,1445,1445.0,NIST v14 MS (source minimum mass-match quality 80%) + calculated LRI,,80.0,verified_source_match_floor_80_plus_lri,,,,,,,,beef relative concentration 38.96 µg/kg; target ion m/z 57; RT 19.54 min,"full 45-compound source table; per-compound exact match score not published, but source retained only matches ≥80%"
BDM-IDQ-018,beef:muscle,beef,cooked meat sample,cooked beef identification-QA benchmark,SRC-BEEF-IDQA-001,Alcohols,1-Heptanol,,1449,1449.0,NIST v14 MS (source minimum mass-match quality 80%) + calculated LRI,,80.0,verified_source_match_floor_80_plus_lri,,,,,,,,beef relative concentration 55.33 µg/kg; target ion m/z 56; RT 19.67 min,"full 45-compound source table; per-compound exact match score not published, but source retained only matches ≥80%"
BDM-IDQ-019,beef:muscle,beef,cooked meat sample,cooked beef identification-QA benchmark,SRC-BEEF-IDQA-001,Alcohols,2-Ethyl-1-hexanol,,1485,1485.0,NIST v14 MS (source minimum mass-match quality 80%) + calculated LRI,,80.0,verified_source_match_floor_80_plus_lri,,,,,,,,beef relative concentration 77.22 µg/kg; target ion m/z 57; RT 20.80 min,"full 45-compound source table; per-compound exact match score not published, but source retained only matches ≥80%"
BDM-IDQ-020,beef:muscle,beef,cooked meat sample,cooked beef identification-QA benchmark,SRC-BEEF-IDQA-001,Alcohols,1-Octanol,,1552,1552.0,NIST v14 MS (source minimum mass-match quality 80%) + calculated LRI,,80.0,verified_source_match_floor_80_plus_lri,,,,,,,,beef relative concentration 78.15 µg/kg; target ion m/z 56; RT 22.91 min,"full 45-compound source table; per-compound exact match score not published, but source retained only matches ≥80%"
BDM-IDQ-021,beef:muscle,beef,cooked meat sample,cooked beef identification-QA benchmark,SRC-BEEF-IDQA-001,Alcohols,2-Octen-1-ol (E),,1614,1613.0,NIST v14 MS (source minimum mass-match quality 80%) + calculated LRI,,80.0,verified_source_match_floor_80_plus_lri,,,,,,,,beef relative concentration 13.80 µg/kg; target ion m/z 57; RT 24.88 min,"full 45-compound source table; per-compound exact match score not published, but source retained only matches ≥80%"
BDM-IDQ-022,beef:muscle,beef,cooked meat sample,cooked beef identification-QA benchmark,SRC-BEEF-IDQA-001,Alcohols,1-Dodecanol,,1965,1964.0,NIST v14 MS (source minimum mass-match quality 80%) + calculated LRI,,80.0,verified_source_match_floor_80_plus_lri,,,,,,,,beef relative concentration 10.63 µg/kg; target ion m/z 55; RT 32.61 min,"full 45-compound source table; per-compound exact match score not published, but source retained only matches ≥80%"
BDM-IDQ-023,beef:muscle,beef,cooked meat sample,cooked beef identification-QA benchmark,SRC-BEEF-IDQA-001,Alcohols,2-Phenyl-2-propanol,,1761,1759.0,NIST v14 MS (source minimum mass-match quality 80%) + calculated LRI,,80.0,verified_source_match_floor_80_plus_lri,,,,,,,,beef relative concentration 8.70 µg/kg; target ion m/z 43; RT 28.94 min,"full 45-compound source table; per-compound exact match score not published, but source retained only matches ≥80%"
BDM-IDQ-024,beef:muscle,beef,cooked meat sample,cooked beef identification-QA benchmark,SRC-BEEF-IDQA-001,Phenols,4-Methyl phenol,,2091,2094.0,NIST v14 MS (source minimum mass-match quality 80%) + calculated LRI,,80.0,verified_source_match_floor_80_plus_lri,,,,,,,,beef relative concentration 2.37 µg/kg; target ion m/z 60; RT 34.42 min,"full 45-compound source table; per-compound exact match score not published, but source retained only matches ≥80%"
BDM-IDQ-025,beef:muscle,beef,cooked meat sample,cooked beef identification-QA benchmark,SRC-BEEF-IDQA-001,Pyrazines,"3-Ethyl-2,5-dimethyl pyrazine",,1432,1433.0,NIST v14 MS (source minimum mass-match quality 80%) + calculated LRI,,80.0,verified_source_match_floor_80_plus_lri,,,,,,,,beef relative concentration 18.57 µg/kg; target ion m/z 135; RT 19.13 min,"full 45-compound source table; per-compound exact match score not published, but source retained only matches ≥80%"
BDM-IDQ-026,beef:muscle,beef,cooked meat sample,cooked beef identification-QA benchmark,SRC-BEEF-IDQA-001,Pyrazines,"2,5-Dimethyl pyrazine",,1304,1306.0,NIST v14 MS (source minimum mass-match quality 80%) + calculated LRI,,80.0,verified_source_match_floor_80_plus_lri,,,,,,,,beef relative concentration 8.14 µg/kg; target ion m/z 108; RT 14.90 min,"full 45-compound source table; per-compound exact match score not published, but source retained only matches ≥80%"
BDM-IDQ-027,beef:muscle,beef,cooked meat sample,cooked beef identification-QA benchmark,SRC-BEEF-IDQA-001,Pyrazines,2-Ethyl-5-methyl pyrazine,,1378,1378.0,NIST v14 MS (source minimum mass-match quality 80%) + calculated LRI,,80.0,verified_source_match_floor_80_plus_lri,,,,,,,,beef relative concentration 6.57 µg/kg; target ion m/z 121; RT 17.35 min,"full 45-compound source table; per-compound exact match score not published, but source retained only matches ≥80%"
BDM-IDQ-028,beef:muscle,beef,cooked meat sample,cooked beef identification-QA benchmark,SRC-BEEF-IDQA-001,Nitrogen heterocycles,2-Acetylpyrrole,,1977,1977.0,NIST v14 MS (source minimum mass-match quality 80%) + calculated LRI,,80.0,verified_source_match_floor_80_plus_lri,,,,,,,,beef relative concentration 12.78 µg/kg; target ion m/z 94; RT 32.82 min,"full 45-compound source table; per-compound exact match score not published, but source retained only matches ≥80%"
BDM-IDQ-029,beef:muscle,beef,cooked meat sample,cooked beef identification-QA benchmark,SRC-BEEF-IDQA-001,Pyrazines,Trimethyl pyrazine,,1388,1388.0,NIST v14 MS (source minimum mass-match quality 80%) + calculated LRI,,80.0,verified_source_match_floor_80_plus_lri,,,,,,,,beef relative concentration 62.52 µg/kg; target ion m/z 122; RT 17.71 min,"full 45-compound source table; per-compound exact match score not published, but source retained only matches ≥80%"
BDM-IDQ-030,beef:muscle,beef,cooked meat sample,cooked beef identification-QA benchmark,SRC-BEEF-IDQA-001,Pyrazines,"2-Methyl 5H-6,7-dihydrocyclopentapyrazine",,1701,1703.0,NIST v14 MS (source minimum mass-match quality 80%) + calculated LRI,,80.0,verified_source_match_floor_80_plus_lri,,,,,,,,beef relative concentration 12.28 µg/kg; target ion m/z 134; RT 27.59 min,"full 45-compound source table; per-compound exact match score not published, but source retained only matches ≥80%"
BDM-IDQ-031,beef:muscle,beef,cooked meat sample,cooked beef identification-QA benchmark,SRC-BEEF-IDQA-001,Acids,Hexanoic acid,,1852,1862.0,NIST v14 MS (source minimum mass-match quality 80%) + calculated LRI,,80.0,verified_source_match_floor_80_plus_lri,,,,,,,,beef relative concentration 68.24 µg/kg; target ion m/z 60; RT 30.73 min,"full 45-compound source table; per-compound exact match score not published, but source retained only matches ≥80%"
BDM-IDQ-032,beef:muscle,beef,cooked meat sample,cooked beef identification-QA benchmark,SRC-BEEF-IDQA-001,Acids,Heptanoic acid,,1958,1950.0,NIST v14 MS (source minimum mass-match quality 80%) + calculated LRI,,80.0,verified_source_match_floor_80_plus_lri,,,,,,,,beef relative concentration 15.47 µg/kg; target ion m/z 60; RT 32.50 min,"full 45-compound source table; per-compound exact match score not published, but source retained only matches ≥80%"
BDM-IDQ-033,beef:muscle,beef,cooked meat sample,cooked beef identification-QA benchmark,SRC-BEEF-IDQA-001,Acids,Octanoic acid,,2063,2063.0,NIST v14 MS (source minimum mass-match quality 80%) + calculated LRI,,80.0,verified_source_match_floor_80_plus_lri,,,,,,,,beef relative concentration 78.04 µg/kg; target ion m/z 60; RT 34.04 min,"full 45-compound source table; per-compound exact match score not published, but source retained only matches ≥80%"
BDM-IDQ-034,beef:muscle,beef,cooked meat sample,cooked beef identification-QA benchmark,SRC-BEEF-IDQA-001,Acids,Nonanoic acid,,2171,2171.0,NIST v14 MS (source minimum mass-match quality 80%) + calculated LRI,,80.0,verified_source_match_floor_80_plus_lri,,,,,,,,beef relative concentration 65.75 µg/kg; target ion m/z 60; RT 35.43 min,"full 45-compound source table; per-compound exact match score not published, but source retained only matches ≥80%"
BDM-IDQ-035,beef:muscle,beef,cooked meat sample,cooked beef identification-QA benchmark,SRC-BEEF-IDQA-001,Acids,Decanoic acid,,2277,2287.0,NIST v14 MS (source minimum mass-match quality 80%) + calculated LRI,,80.0,verified_source_match_floor_80_plus_lri,,,,,,,,beef relative concentration 22.07 µg/kg; target ion m/z 60; RT 36.72 min,"full 45-compound source table; per-compound exact match score not published, but source retained only matches ≥80%"
BDM-IDQ-036,beef:muscle,beef,cooked meat sample,cooked beef identification-QA benchmark,SRC-BEEF-IDQA-001,Furans,2-Pentyl furan,,1210,1210.0,NIST v14 MS (source minimum mass-match quality 80%) + calculated LRI,,80.0,verified_source_match_floor_80_plus_lri,,,,,,,,beef relative concentration 16.47 µg/kg; target ion m/z 81; RT 11.70 min,"full 45-compound source table; per-compound exact match score not published, but source retained only matches ≥80%"
BDM-IDQ-037,beef:muscle,beef,cooked meat sample,cooked beef identification-QA benchmark,SRC-BEEF-IDQA-001,Hydrocarbons,"1,3-Di-tert-butylbenzene",,1418,1420.0,NIST v14 MS (source minimum mass-match quality 80%) + calculated LRI,,80.0,verified_source_match_floor_80_plus_lri,,,,,,,,beef relative concentration 21.88 µg/kg; target ion m/z 175; RT 18.69 min,"full 45-compound source table; per-compound exact match score not published, but source retained only matches ≥80%"
BDM-IDQ-038,beef:muscle,beef,cooked meat sample,cooked beef identification-QA benchmark,SRC-BEEF-IDQA-001,Hydrocarbons,Dodecane,,1177,,NIST v14 MS (source minimum mass-match quality 80%) + calculated LRI + authentic standard RT,,80.0,verified_source_match_floor_80_plus_lri,,,,,,,,beef relative concentration 25.48 µg/kg; target ion m/z 57; RT 10.58 min,"full 45-compound source table; per-compound exact match score not published, but source retained only matches ≥80%"
BDM-IDQ-039,beef:muscle,beef,cooked meat sample,cooked beef identification-QA benchmark,SRC-BEEF-IDQA-001,Hydrocarbons,Tridecane,,1290,1300.0,NIST v14 MS (source minimum mass-match quality 80%) + calculated LRI + authentic standard RT,,80.0,verified_source_match_floor_80_plus_lri,,,,,,,,beef relative concentration 5.07 µg/kg; target ion m/z 57; RT 14.41 min,"full 45-compound source table; per-compound exact match score not published, but source retained only matches ≥80%"
BDM-IDQ-040,beef:muscle,beef,cooked meat sample,cooked beef identification-QA benchmark,SRC-BEEF-IDQA-001,Hydrocarbons,Tetradecane,,1394,1400.0,NIST v14 MS (source minimum mass-match quality 80%) + calculated LRI + authentic standard RT,,80.0,verified_source_match_floor_80_plus_lri,,,,,,,,beef relative concentration 33.71 µg/kg; target ion m/z 57; RT 17.91 min,"full 45-compound source table; per-compound exact match score not published, but source retained only matches ≥80%"
BDM-IDQ-041,beef:muscle,beef,cooked meat sample,cooked beef identification-QA benchmark,SRC-BEEF-IDQA-001,Hydrocarbons,Pentadecane,,1498,1500.0,NIST v14 MS (source minimum mass-match quality 80%) + calculated LRI + authentic standard RT,,80.0,verified_source_match_floor_80_plus_lri,,,,,,,,beef relative concentration 10.77 µg/kg; target ion m/z 57; RT 21.22 min,"full 45-compound source table; per-compound exact match score not published, but source retained only matches ≥80%"
BDM-IDQ-042,beef:muscle,beef,cooked meat sample,cooked beef identification-QA benchmark,SRC-BEEF-IDQA-001,Hydrocarbons,Heptadecane,,1699,1700.0,NIST v14 MS (source minimum mass-match quality 80%) + calculated LRI + authentic standard RT,,80.0,verified_source_match_floor_80_plus_lri,,,,,,,,beef relative concentration 11.72 µg/kg; target ion m/z 67; RT 27.53 min,"full 45-compound source table; per-compound exact match score not published, but source retained only matches ≥80%"
BDM-IDQ-043,beef:muscle,beef,cooked meat sample,cooked beef identification-QA benchmark,SRC-BEEF-IDQA-001,Hydrocarbons,Azulene,,1733,1736.0,NIST v14 MS (source minimum mass-match quality 80%) + calculated LRI,,80.0,verified_source_match_floor_80_plus_lri,,,,,,,,beef relative concentration 15.03 µg/kg; target ion m/z 128; RT 28.32 min,"full 45-compound source table; per-compound exact match score not published, but source retained only matches ≥80%"
BDM-IDQ-044,beef:muscle,beef,cooked meat sample,cooked beef identification-QA benchmark,SRC-BEEF-IDQA-001,Miscellaneous,1-Formylpyrrolidine,,1315,,NIST v14 MS (source minimum mass-match quality 80%) + calculated LRI,,80.0,verified_source_match_floor_80_plus_lri,,,,,,,,beef relative concentration 23.31 µg/kg; target ion m/z 43; RT 15.27 min,"full 45-compound source table; per-compound exact match score not published, but source retained only matches ≥80%"
BDM-IDQ-045,beef:muscle,beef,cooked meat sample,cooked beef identification-QA benchmark,SRC-BEEF-IDQA-001,Miscellaneous,2-Ethylhexyl acrylate,,1480,1494.0,NIST v14 MS (source minimum mass-match quality 80%) + calculated LRI,,80.0,verified_source_match_floor_80_plus_lri,,,,,,,,beef relative concentration 16.47 µg/kg; target ion m/z 139; RT 20.57 min,"full 45-compound source table; per-compound exact match score not published, but source retained only matches ≥80%"
